power,count
"355 hp @ 5,600 RPM",17726
"138 hp @ 4,900 RPM",15782
"395 hp @ 5,750 RPM",14480
"181 hp @ 6,000 RPM",13759
"170 hp @ 6,000 RPM",13588
"395 hp @ 5,600 RPM",12163
"170 hp @ 5,600 RPM",10871
"190 hp @ 5,600 RPM",10090
"147 hp @ 6,200 RPM",9718
"280 hp @ 6,000 RPM",8859
"360 hp @ 5,150 RPM",8730
"182 hp @ 5,800 RPM",7910
"180 hp @ 6,400 RPM",7888
"185 hp @ 6,000 RPM",7462
"250 hp @ 5,500 RPM",7322
"245 hp @ 5,500 RPM",7307
"295 hp @ 6,400 RPM",6986
"158 hp @ 6,500 RPM",5642
"295 hp @ 6,600 RPM",5517
"187 hp @ 6,000 RPM",5504
"310 hp @ 6,700 RPM",5488
"310 hp @ 6,800 RPM",5482
"166 hp @ 6,000 RPM",5329
"271 hp @ 6,500 RPM",5231
"375 hp @ 5,000 RPM",5053
"152 hp @ 6,000 RPM",4969
"176 hp @ 6,000 RPM",4901
"283 hp @ 6,400 RPM",4740
"160 hp @ 5,700 RPM",4709
"141 hp @ 6,500 RPM",4704
"260 hp @ 6,000 RPM",4058
"252 hp @ 5,500 RPM",4040
"285 hp @ 6,400 RPM",4039
"192 hp @ 5,500 RPM",3783
"240 hp @ 5,500 RPM",3766
"270 hp @ 5,250 RPM",3723
"290 hp @ 6,200 RPM",3714
"132 hp @ 6,000 RPM",3622
"290 hp @ 6,500 RPM",3513
"287 hp @ 6,400 RPM",3474
"277 hp @ 3,750 RPM",3297
"153 hp @ 5,600 RPM",3291
"182 hp @ 6,000 RPM",3203
"175 hp @ 5,800 RPM",3200
"188 hp @ 6,000 RPM",3195
"150 hp @ 5,600 RPM",3194
"420 hp @ 5,600 RPM",3176
"185 hp @ 6,400 RPM",3126
"241 hp @ 5,550 RPM",3019
"172 hp @ 6,000 RPM",2982
"184 hp @ 4,400 RPM",2885
"141 hp @ 6,000 RPM",2848
"290 hp @ 6,400 RPM",2845
"301 hp @ 6,500 RPM",2799
"161 hp @ 6,200 RPM",2731
"170 hp @ 5,800 RPM",2714
"300 hp @ 6,400 RPM",2654
"281 hp @ 6,300 RPM",2648
"181 hp @ 3,400 RPM",2628
"248 hp @ 5,200 RPM",2624
"335 hp @ 5,500 RPM",2548
"310 hp @ 5,500 RPM",2498
"316 hp @ 5,700 RPM",2437
"370 hp @ 2,800 RPM",2426
"147 hp @ 5,000 RPM",2386
"130 hp @ 6,000 RPM",2353
"174 hp @ 6,000 RPM",2256
"308 hp @ 6,600 RPM",2179
"177 hp @ 5,750 RPM",2133
"278 hp @ 6,000 RPM",2019
"255 hp @ 5,800 RPM",2012
"248 hp @ 5,000 RPM",2010
"182 hp @ 6,700 RPM",1981
"208 hp @ 5,500 RPM",1976
"178 hp @ 6,000 RPM",1975
"288 hp @ 6,300 RPM",1951
"300 hp @ 5,800 RPM",1888
"228 hp @ 5,000 RPM",1877
"260 hp @ 3,600 RPM",1810
"122 hp @ 6,300 RPM",1796
"284 hp @ 6,400 RPM",1779
"237 hp @ 5,000 RPM",1759
"164 hp @ 6,200 RPM",1737
"200 hp @ 5,100 RPM",1667
"175 hp @ 5,500 RPM",1656
"280 hp @ 6,500 RPM",1649
"149 hp @ 6,400 RPM",1638
"252 hp @ 5,000 RPM",1608
"385 hp @ 5,750 RPM",1593
"221 hp @ 5,500 RPM",1485
"268 hp @ 6,200 RPM",1470
"148 hp @ 6,000 RPM",1466
"295 hp @ 6,300 RPM",1463
"283 hp @ 6,350 RPM",1461
"240 hp @ 5,000 RPM",1447
"270 hp @ 5,600 RPM",1441
"305 hp @ 6,800 RPM",1428
"150 hp @ 5,000 RPM",1391
"186 hp @ 6,000 RPM",1378
"296 hp @ 6,200 RPM",1377
"268 hp @ 5,600 RPM",1374
"250 hp @ 5,000 RPM",1355
"381 hp @ 5,600 RPM",1350
"191 hp @ 6,100 RPM",1346
"184 hp @ 5,700 RPM",1337
"292 hp @ 6,350 RPM",1332
"128 hp @ 6,600 RPM",1332
"310 hp @ 6,600 RPM",1319
"255 hp @ 5,000 RPM",1305
"302 hp @ 6,500 RPM",1287
"280 hp @ 5,200 RPM",1247
"160 hp @ 6,500 RPM",1242
"202 hp @ 6,600 RPM",1233
"270 hp @ 6,200 RPM",1226
"401 hp @ 5,200 RPM",1216
"403 hp @ 5,700 RPM",1205
"212 hp @ 6,200 RPM",1199
"180 hp @ 5,500 RPM",1196
"123 hp @ 6,000 RPM",1155
"246 hp @ 5,500 RPM",1141
"341 hp @ 5,400 RPM",1141
"340 hp @ 6,500 RPM",1122
"188 hp @ 3,800 RPM",1090
"260 hp @ 5,600 RPM",1084
"272 hp @ 6,500 RPM",1067
"240 hp @ 6,550 RPM",1056
"210 hp @ 5,200 RPM",1048
"179 hp @ 6,000 RPM",1040
"78 hp @ 6,000 RPM",1016
"280 hp @ 6,400 RPM",991
"140 hp @ 4,000 RPM",969
"124 hp @ 6,000 RPM",964
"247 hp @ 5,500 RPM",959
"185 hp @ 7,000 RPM",957
"109 hp @ 6,000 RPM",933
"261 hp @ 5,600 RPM",930
"248 hp @ 5,700 RPM",923
"189 hp @ 6,400 RPM",910
"308 hp @ 6,800 RPM",900
"130 hp @ 6,300 RPM",886
"137 hp @ 5,000 RPM",878
"170 hp @ 6,200 RPM",871
"144 hp @ 6,100 RPM",868
"291 hp @ 6,000 RPM",865
"335 hp @ 5,000 RPM",861
"250 hp @ 5,700 RPM",861
"206 hp @ 6,800 RPM",854
"365 hp @ 5,500 RPM",851
"400 hp @ 5,800 RPM",840
"276 hp @ 6,000 RPM",828
"390 hp @ 5,800 RPM",827
"300 hp @ 6,350 RPM",813
"189 hp @ 5,000 RPM",807
"155 hp @ 6,000 RPM",793
"240 hp @ 6,000 RPM",790
"335 hp @ 4,750 RPM",788
"397 hp @ 3,000 RPM",788
"252 hp @ 6,500 RPM",786
"168 hp @ 6,000 RPM",766
"335 hp @ 6,800 RPM",756
"460 hp @ 7,000 RPM",754
"235 hp @ 5,600 RPM",743
"174 hp @ 5,200 RPM",732
"152 hp @ 5,500 RPM",730
"130 hp @ 6,600 RPM",716
"279 hp @ 6,200 RPM",710
"120 hp @ 6,300 RPM",701
"266 hp @ 6,200 RPM",697
"155 hp @ 5,600 RPM",688
"220 hp @ 4,450 RPM",681
"121 hp @ 6,300 RPM",675
"134 hp @ 5,200 RPM",668
"166 hp @ 5,800 RPM",663
"302 hp @ 6,600 RPM",661
"140 hp @ 6,300 RPM",652
"178 hp @ 6,400 RPM",651
"485 hp @ 6,100 RPM",649
"411 hp @ 5,500 RPM",648
"146 hp @ 6,200 RPM",639
"362 hp @ 5,000 RPM",626
"248 hp @ 5,500 RPM",617
"293 hp @ 6,400 RPM",614
160 hp @ 650 RPM,602
"198 hp @ 6,300 RPM",596
"333 hp @ 5,500 RPM",592
"170 hp @ 5,700 RPM",589
"170 hp @ 4,500 RPM",589
"362 hp @ 5,500 RPM",585
"450 hp @ 5,500 RPM",577
"173 hp @ 6,000 RPM",573
"138 hp @ 6,300 RPM",571
"106 hp @ 6,000 RPM",570
"330 hp @ 6,000 RPM",565
"301 hp @ 5,500 RPM",564
"305 hp @ 6,500 RPM",564
"325 hp @ 5,750 RPM",563
"287 hp @ 6,500 RPM",562
"201 hp @ 6,800 RPM",560
"175 hp @ 6,000 RPM",558
"275 hp @ 5,500 RPM",551
"236 hp @ 5,200 RPM",550
"184 hp @ 6,400 RPM",550
"342 hp @ 5,400 RPM",549
"140 hp @ 6,500 RPM",547
"145 hp @ 6,500 RPM",544
"240 hp @ 5,800 RPM",544
"304 hp @ 6,800 RPM",544
"320 hp @ 5,400 RPM",543
"365 hp @ 5,000 RPM",541
"180 hp @ 6,800 RPM",539
"123 hp @ 6,350 RPM",534
"300 hp @ 5,000 RPM",531
"180 hp @ 5,000 RPM",529
"272 hp @ 5,500 RPM",524
"445 hp @ 5,500 RPM",518
"120 hp @ 5,000 RPM",515
"450 hp @ 2,800 RPM",514
"211 hp @ 4,300 RPM",503
"285 hp @ 6,500 RPM",502
"203 hp @ 6,000 RPM",501
"230 hp @ 6,500 RPM",500
"201 hp @ 6,000 RPM",494
"160 hp @ 5,500 RPM",493
"175 hp @ 5,600 RPM",492
"170 hp @ 4,800 RPM",491
"455 hp @ 6,000 RPM",489
"180 hp @ 6,250 RPM",483
"295 hp @ 6,350 RPM",479
"256 hp @ 6,000 RPM",472
"143 hp @ 6,500 RPM",464
"177 hp @ 6,500 RPM",461
"264 hp @ 6,950 RPM",455
"173 hp @ 5,600 RPM",454
"335 hp @ 5,600 RPM",453
"240 hp @ 5,600 RPM",453
"305 hp @ 6,350 RPM",452
"449 hp @ 5,250 RPM",450
"350 hp @ 2,800 RPM",447
"158 hp @ 6,000 RPM",434
"196 hp @ 6,300 RPM",431
"180 hp @ 6,700 RPM",425
"400 hp @ 6,000 RPM",415
"375 hp @ 5,150 RPM",413
"315 hp @ 5,200 RPM",411
"390 hp @ 5,600 RPM",404
"260 hp @ 6,400 RPM",402
"250 hp @ 5,300 RPM",402
"268 hp @ 6,000 RPM",399
"235 hp @ 6,000 RPM",396
"278 hp @ 6,200 RPM",396
"263 hp @ 6,250 RPM",393
"228 hp @ 4,700 RPM",391
"188 hp @ 5,600 RPM",385
"463 hp @ 5,250 RPM",384
"220 hp @ 4,500 RPM",382
"300 hp @ 6,300 RPM",382
"255 hp @ 4,500 RPM",382
"288 hp @ 6,500 RPM",372
"206 hp @ 6,600 RPM",370
"188 hp @ 5,800 RPM",361
"189 hp @ 4,700 RPM",359
"400 hp @ 2,800 RPM",355
"280 hp @ 6,200 RPM",352
"400 hp @ 5,000 RPM",350
"146 hp @ 6,000 RPM",346
"380 hp @ 6,500 RPM",344
"363 hp @ 5,200 RPM",344
"400 hp @ 5,750 RPM",344
"328 hp @ 7,000 RPM",337
"325 hp @ 7,000 RPM",332
"248 hp @ 4,300 RPM",330
"395 hp @ 5,500 RPM",325
"168 hp @ 6,100 RPM",324
"370 hp @ 5,250 RPM",323
"240 hp @ 3,600 RPM",323
"255 hp @ 6,400 RPM",320
"296 hp @ 5,500 RPM",316
"320 hp @ 5,500 RPM",315
"440 hp @ 2,800 RPM",315
"404 hp @ 5,500 RPM",315
"190 hp @ 7,000 RPM",315
"180 hp @ 6,000 RPM",310
"211 hp @ 5,800 RPM",308
"140 hp @ 6,000 RPM",308
"360 hp @ 5,500 RPM",307
"275 hp @ 6,000 RPM",306
"300 hp @ 6,500 RPM",305
"350 hp @ 3,900 RPM",304
"134 hp @ 4,400 RPM",303
"265 hp @ 6,250 RPM",302
"259 hp @ 5,300 RPM",299
"268 hp @ 5,500 RPM",298
"228 hp @ 4,500 RPM",295
"205 hp @ 5,200 RPM",295
"200 hp @ 6,300 RPM",295
"173 hp @ 6,500 RPM",291
"202 hp @ 5,200 RPM",290
"354 hp @ 5,400 RPM",287
"320 hp @ 5,000 RPM",286
"317 hp @ 5,200 RPM",282
"138 hp @ 6,000 RPM",280
"200 hp @ 5,700 RPM",280
"251 hp @ 6,000 RPM",279
"367 hp @ 5,500 RPM",276
"200 hp @ 5,200 RPM",273
"190 hp @ 6,300 RPM",271
"310 hp @ 5,600 RPM",269
"192 hp @ 6,300 RPM",266
"273 hp @ 6,250 RPM",266
"158 hp @ 6,400 RPM",264
"181 hp @ 5,500 RPM",262
"169 hp @ 6,000 RPM",262
"510 hp @ 6,000 RPM",259
"265 hp @ 6,000 RPM",259
"362 hp @ 4,750 RPM",258
"305 hp @ 6,600 RPM",258
"382 hp @ 6,000 RPM",255
"140 hp @ 5,100 RPM",253
"362 hp @ 5,250 RPM",251
"290 hp @ 6,300 RPM",248
"329 hp @ 5,250 RPM",247
"276 hp @ 6,300 RPM",244
"360 hp @ 5,400 RPM",239
"435 hp @ 6,500 RPM",239
"311 hp @ 6,400 RPM",237
"210 hp @ 5,100 RPM",236
"126 hp @ 6,000 RPM",236
"117 hp @ 6,600 RPM",236
"518 hp @ 6,000 RPM",230
"205 hp @ 5,700 RPM",230
"244 hp @ 5,750 RPM",226
"265 hp @ 6,400 RPM",225
"210 hp @ 5,300 RPM",225
"303 hp @ 6,350 RPM",225
"204 hp @ 6,400 RPM",225
"250 hp @ 5,400 RPM",224
"174 hp @ 5,000 RPM",223
"311 hp @ 6,000 RPM",223
"365 hp @ 5,700 RPM",221
"237 hp @ 5,500 RPM",219
"115 hp @ 5,200 RPM",218
"360 hp @ 2,800 RPM",218
"245 hp @ 6,000 RPM",218
"323 hp @ 6,800 RPM",217
"365 hp @ 3,200 RPM",217
"295 hp @ 5,200 RPM",216
"382 hp @ 5,800 RPM",214
"160 hp @ 6,400 RPM",211
"310 hp @ 5,100 RPM",209
"137 hp @ 6,300 RPM",206
"131 hp @ 5,200 RPM",204
"302 hp @ 5,700 RPM",204
"271 hp @ 6,200 RPM",202
"385 hp @ 5,500 RPM",202
"201 hp @ 7,000 RPM",200
"275 hp @ 6,200 RPM",199
"355 hp @ 5,500 RPM",199
"345 hp @ 5,750 RPM",197
"191 hp @ 6,300 RPM",195
"330 hp @ 7,000 RPM",192
"228 hp @ 6,000 RPM",192
"425 hp @ 5,500 RPM",190
"122 hp @ 5,200 RPM",188
"185 hp @ 5,200 RPM",187
"300 hp @ 6,000 RPM",187
"300 hp @ 6,800 RPM",186
"335 hp @ 5,300 RPM",186
"273 hp @ 6,200 RPM",184
"244 hp @ 5,700 RPM",183
"305 hp @ 4,250 RPM",183
"323 hp @ 4,600 RPM",183
"400 hp @ 6,400 RPM",182
"274 hp @ 6,000 RPM",182
"160 hp @ 6,000 RPM",182
"237 hp @ 6,000 RPM",181
"169 hp @ 6,400 RPM",177
"175 hp @ 6,300 RPM",176
"269 hp @ 6,200 RPM",175
"159 hp @ 5,200 RPM",175
"136 hp @ 6,300 RPM",175
"300 hp @ 5,200 RPM",174
"272 hp @ 6,200 RPM",173
"144 hp @ 6,500 RPM",172
"131 hp @ 5,600 RPM",171
"207 hp @ 5,250 RPM",171
"197 hp @ 5,200 RPM",170
"320 hp @ 5,200 RPM",170
"302 hp @ 5,600 RPM",168
"148 hp @ 6,500 RPM",167
"295 hp @ 5,500 RPM",166
"285 hp @ 5,500 RPM",165
"306 hp @ 6,400 RPM",165
"221 hp @ 5,800 RPM",164
"101 hp @ 6,500 RPM",163
"424 hp @ 5,750 RPM",163
"340 hp @ 5,500 RPM",162
"242 hp @ 6,000 RPM",161
"177 hp @ 5,500 RPM",161
"523 hp @ 5,500 RPM",159
175 hp @ 600 RPM,159
"475 hp @ 6,000 RPM",158
"200 hp @ 6,000 RPM",157
"194 hp @ 5,700 RPM",156
"242 hp @ 5,600 RPM",156
"429 hp @ 6,100 RPM",155
"110 hp @ 5,000 RPM",153
"300 hp @ 4,400 RPM",153
"400 hp @ 5,500 RPM",151
"400 hp @ 5,900 RPM",147
"385 hp @ 6,100 RPM",146
"250 hp @ 5,600 RPM",145
"180 hp @ 4,000 RPM",145
"165 hp @ 5,600 RPM",145
"310 hp @ 5,200 RPM",144
"150 hp @ 3,500 RPM",143
"300 hp @ 5,600 RPM",143
"577 hp @ 5,500 RPM",143
"420 hp @ 6,500 RPM",141
"380 hp @ 5,250 RPM",139
"205 hp @ 6,600 RPM",138
"305 hp @ 6,000 RPM",138
"190 hp @ 4,600 RPM",137
"230 hp @ 5,600 RPM",137
"270 hp @ 7,000 RPM",133
"350 hp @ 3,000 RPM",131
"252 hp @ 6,300 RPM",130
"197 hp @ 6,300 RPM",130
"244 hp @ 5,600 RPM",129
"330 hp @ 5,400 RPM",129
"155 hp @ 6,100 RPM",127
"193 hp @ 6,300 RPM",126
"444 hp @ 5,700 RPM",126
"157 hp @ 5,600 RPM",126
"345 hp @ 5,400 RPM",125
"210 hp @ 5,800 RPM",124
"205 hp @ 7,000 RPM",121
"84 hp @ 6,400 RPM",121
"375 hp @ 6,500 RPM",121
"137 hp @ 6,100 RPM",121
"416 hp @ 6,000 RPM",120
"250 hp @ 6,400 RPM",120
"235 hp @ 4,800 RPM",119
"235 hp @ 6,200 RPM",119
"494 hp @ 5,000 RPM",119
"275 hp @ 6,600 RPM",118
"248 hp @ 6,500 RPM",118
"650 hp @ 6,400 RPM",117
"235 hp @ 6,400 RPM",117
"276 hp @ 5,250 RPM",117
"333 hp @ 5,300 RPM",117
"365 hp @ 6,000 RPM",117
"248 hp @ 5,600 RPM",116
"142 hp @ 6,000 RPM",114
"262 hp @ 6,250 RPM",114
"456 hp @ 5,500 RPM",113
"99 hp @ 4,800 RPM",113
"300 hp @ 5,500 RPM",113
"215 hp @ 5,600 RPM",113
"305 hp @ 5,650 RPM",112
"121 hp @ 6,000 RPM",112
"567 hp @ 6,000 RPM",111
"208 hp @ 5,000 RPM",110
"171 hp @ 6,000 RPM",110
"156 hp @ 6,200 RPM",110
"349 hp @ 6,400 RPM",109
"221 hp @ 6,250 RPM",109
"255 hp @ 6,950 RPM",109
"375 hp @ 5,200 RPM",108
"366 hp @ 5,500 RPM",107
"264 hp @ 6,000 RPM",107
"265 hp @ 6,950 RPM",107
"349 hp @ 5,400 RPM",106
"335 hp @ 5,700 RPM",106
"210 hp @ 4,500 RPM",106
"110 hp @ 6,000 RPM",105
"270 hp @ 6,000 RPM",104
"429 hp @ 5,250 RPM",102
"266 hp @ 5,600 RPM",102
"402 hp @ 5,000 RPM",102
"220 hp @ 4,700 RPM",102
"285 hp @ 5,200 RPM",101
"707 hp @ 6,000 RPM",101
"220 hp @ 5,800 RPM",100
"180 hp @ 5,200 RPM",99
"345 hp @ 5,200 RPM",99
"383 hp @ 5,600 RPM",98
"310 hp @ 6,000 RPM",97
"315 hp @ 5,800 RPM",97
"181 hp @ 7,000 RPM",95
"260 hp @ 6,600 RPM",95
"453 hp @ 5,500 RPM",94
"470 hp @ 6,000 RPM",93
"225 hp @ 5,600 RPM",91
"550 hp @ 6,000 RPM",91
"410 hp @ 5,600 RPM",90
"292 hp @ 5,700 RPM",90
"154 hp @ 6,000 RPM",90
"190 hp @ 4,400 RPM",88
"250 hp @ 3,200 RPM",88
"420 hp @ 6,000 RPM",86
"275 hp @ 5,600 RPM",86
"245 hp @ 4,000 RPM",85
"707 hp @ 6,200 RPM",85
"300 hp @ 5,750 RPM",85
"255 hp @ 6,500 RPM",85
"304 hp @ 6,400 RPM",85
"430 hp @ 5,900 RPM",85
"220 hp @ 5,600 RPM",85
"165 hp @ 6,000 RPM",85
"175 hp @ 5,000 RPM",84
"250 hp @ 6,000 RPM",84
"210 hp @ 5,500 RPM",83
"350 hp @ 5,600 RPM",83
"160 hp @ 6,250 RPM",82
"280 hp @ 6,300 RPM",82
"303 hp @ 6,800 RPM",81
"255 hp @ 4,000 RPM",81
"215 hp @ 5,000 RPM",81
"115 hp @ 6,100 RPM",81
"161 hp @ 6,000 RPM",81
"239 hp @ 4,900 RPM",81
"225 hp @ 5,900 RPM",80
"329 hp @ 5,500 RPM",79
"202 hp @ 6,000 RPM",79
"260 hp @ 4,500 RPM",79
"230 hp @ 5,800 RPM",79
"224 hp @ 4,800 RPM",79
"603 hp @ 5,750 RPM",79
"330 hp @ 2,600 RPM",78
"203 hp @ 5,750 RPM",77
"174 hp @ 3,600 RPM",77
"182 hp @ 6,200 RPM",77
"254 hp @ 3,750 RPM",77
"552 hp @ 6,000 RPM",76
"192 hp @ 6,000 RPM",76
"318 hp @ 6,500 RPM",75
"239 hp @ 5,200 RPM",74
"500 hp @ 6,000 RPM",74
"469 hp @ 5,500 RPM",73
"503 hp @ 5,500 RPM",73
"128 hp @ 5,500 RPM",73
"272 hp @ 5,000 RPM",73
"300 hp @ 2,800 RPM",73
"215 hp @ 5,700 RPM",72
"335 hp @ 6,000 RPM",72
"148 hp @ 5,600 RPM",72
"600 hp @ 6,000 RPM",72
"152 hp @ 5,200 RPM",72
"136 hp @ 6,000 RPM",71
"245 hp @ 5,800 RPM",71
"335 hp @ 5,200 RPM",71
"240 hp @ 4,800 RPM",71
"157 hp @ 6,000 RPM",69
"416 hp @ 5,500 RPM",69
"240 hp @ 6,400 RPM",69
"118 hp @ 6,000 RPM",69
"145 hp @ 5,600 RPM",69
"280 hp @ 4,920 RPM",66
"255 hp @ 5,750 RPM",66
"127 hp @ 6,300 RPM",65
"150 hp @ 5,100 RPM",65
"306 hp @ 6,800 RPM",65
"235 hp @ 4,500 RPM",65
"230 hp @ 4,600 RPM",64
"162 hp @ 5,800 RPM",63
"288 hp @ 1,900 RPM",63
"292 hp @ 5,750 RPM",63
"340 hp @ 5,300 RPM",63
"321 hp @ 6,800 RPM",62
"178 hp @ 5,500 RPM",62
"617 hp @ 6,000 RPM",62
"140 hp @ 4,200 RPM",61
"252 hp @ 6,200 RPM",61
"207 hp @ 5,800 RPM",60
"109 hp @ 5,800 RPM",60
"184 hp @ 6,250 RPM",59
"137 hp @ 3,750 RPM",59
"360 hp @ 6,000 RPM",59
"156 hp @ 5,900 RPM",58
"184 hp @ 6,000 RPM",58
"140 hp @ 5,600 RPM",58
"172 hp @ 5,500 RPM",58
"153 hp @ 6,500 RPM",58
"318 hp @ 6,800 RPM",57
"295 hp @ 6,000 RPM",57
"550 hp @ 5,750 RPM",57
"503 hp @ 6,000 RPM",57
"360 hp @ 6,400 RPM",57
"150 hp @ 6,500 RPM",56
"201 hp @ 5,500 RPM",56
"440 hp @ 5,650 RPM",56
"340 hp @ 5,000 RPM",55
"220 hp @ 5,300 RPM",55
"443 hp @ 6,500 RPM",55
"153 hp @ 5,800 RPM",55
"270 hp @ 6,500 RPM",55
"305 hp @ 4,900 RPM",55
"244 hp @ 5,000 RPM",55
"660 hp @ 8,000 RPM",54
"404 hp @ 5,700 RPM",54
"310 hp @ 4,250 RPM",54
"272 hp @ 4,780 RPM",54
"134 hp @ 4,500 RPM",54
"563 hp @ 5,500 RPM",54
"412 hp @ 6,500 RPM",52
"400 hp @ 6,500 RPM",52
"434 hp @ 5,700 RPM",52
"172 hp @ 5,800 RPM",52
"305 hp @ 6,200 RPM",52
"456 hp @ 5,250 RPM",51
"197 hp @ 6,000 RPM",51
"297 hp @ 6,800 RPM",51
"128 hp @ 6,000 RPM",51
"250 hp @ 5,800 RPM",50
"250 hp @ 2,600 RPM",50
"263 hp @ 5,400 RPM",50
"225 hp @ 3,750 RPM",50
"398 hp @ 5,500 RPM",49
"332 hp @ 7,000 RPM",49
"348 hp @ 5,400 RPM",49
"255 hp @ 6,600 RPM",49
"239 hp @ 4,750 RPM",48
"255 hp @ 6,000 RPM",48
"760 hp @ 7,300 RPM",48
"385 hp @ 6,500 RPM",48
"292 hp @ 5,500 RPM",48
"119 hp @ 6,000 RPM",48
"240 hp @ 5,400 RPM",47
"200 hp @ 5,500 RPM",47
"265 hp @ 5,800 RPM",47
"320 hp @ 2,800 RPM",47
"270 hp @ 5,200 RPM",47
"288 hp @ 4,000 RPM",47
"285 hp @ 6,000 RPM",47
"215 hp @ 6,250 RPM",46
"325 hp @ 5,200 RPM",46
"455 hp @ 5,250 RPM",46
"161 hp @ 5,700 RPM",46
"240 hp @ 3,500 RPM",46
"247 hp @ 5,750 RPM",46
"396 hp @ 6,100 RPM",46
"245 hp @ 5,200 RPM",46
"265 hp @ 4,200 RPM",46
"201 hp @ 5,600 RPM",45
"252 hp @ 6,100 RPM",44
"720 hp @ 7,500 RPM",44
"400 hp @ 7,400 RPM",44
"224 hp @ 6,250 RPM",43
"200 hp @ 5,800 RPM",43
"563 hp @ 5,250 RPM",43
"108 hp @ 6,400 RPM",43
"717 hp @ 6,000 RPM",43
"552 hp @ 6,100 RPM",43
"191 hp @ 6,000 RPM",43
"292 hp @ 5,400 RPM",42
"333 hp @ 6,400 RPM",42
"350 hp @ 3,013 RPM",42
"503 hp @ 5,950 RPM",41
"345 hp @ 5,600 RPM",41
"241 hp @ 5,800 RPM",41
"241 hp @ 5,700 RPM",41
"200 hp @ 7,000 RPM",41
"100 hp @ 6,000 RPM",41
"306 hp @ 6,500 RPM",41
"372 hp @ 5,200 RPM",41
"325 hp @ 5,600 RPM",41
"70 hp @ 5,800 RPM",40
"74 hp @ 6,000 RPM",40
"230 hp @ 6,400 RPM",40
"302 hp @ 5,650 RPM",40
"263 hp @ 6,400 RPM",39
"425 hp @ 6,200 RPM",39
"797 hp @ 6,300 RPM",39
"255 hp @ 5,600 RPM",39
"370 hp @ 6,500 RPM",39
"352 hp @ 5,400 RPM",38
"450 hp @ 5,100 RPM",38
"174 hp @ 3,500 RPM",38
"150 hp @ 5,700 RPM",38
"271 hp @ 5,400 RPM",38
"360 hp @ 6,300 RPM",38
"541 hp @ 5,750 RPM",38
"282 hp @ 5,400 RPM",37
"377 hp @ 6,500 RPM",37
"227 hp @ 5,700 RPM",37
"575 hp @ 6,000 RPM",37
"350 hp @ 6,500 RPM",37
"240 hp @ 6,250 RPM",37
"168 hp @ 5,600 RPM",36
"230 hp @ 6,300 RPM",36
"201 hp @ 5,900 RPM",36
"577 hp @ 6,250 RPM",36
"330 hp @ 5,000 RPM",36
"199 hp @ 6,000 RPM",36
"603 hp @ 5,500 RPM",36
500 hp @ 600 RPM,36
"350 hp @ 7,400 RPM",36
"227 hp @ 5,000 RPM",36
"130 hp @ 5,300 RPM",35
"199 hp @ 5,500 RPM",35
"290 hp @ 5,600 RPM",35
"155 hp @ 4,900 RPM",35
"265 hp @ 5,600 RPM",35
"240 hp @ 6,600 RPM",35
"132 hp @ 6,300 RPM",35
"250 hp @ 6,600 RPM",35
"562 hp @ 7,500 RPM",34
"320 hp @ 6,400 RPM",34
"357 hp @ 6,400 RPM",34
"228 hp @ 5,200 RPM",34
"303 hp @ 6,200 RPM",34
"103 hp @ 6,000 RPM",34
"505 hp @ 6,300 RPM",34
"366 hp @ 5,800 RPM",34
"281 hp @ 5,600 RPM",34
"520 hp @ 6,000 RPM",33
"170 hp @ 5,900 RPM",33
"175 hp @ 6,200 RPM",33
"233 hp @ 5,600 RPM",33
"255 hp @ 6,200 RPM",33
"600 hp @ 5,000 RPM",33
"271 hp @ 6,300 RPM",33
"471 hp @ 7,100 RPM",32
"414 hp @ 8,300 RPM",32
"380 hp @ 6,400 RPM",32
"260 hp @ 3,100 RPM",32
"302 hp @ 5,800 RPM",31
"200 hp @ 5,400 RPM",31
"245 hp @ 4,800 RPM",31
"186 hp @ 6,400 RPM",31
"206 hp @ 6,000 RPM",31
"140 hp @ 5,800 RPM",31
"225 hp @ 5,000 RPM",31
"258 hp @ 6,200 RPM",31
"202 hp @ 6,300 RPM",31
"162 hp @ 6,000 RPM",30
"365 hp @ 6,500 RPM",30
"188 hp @ 5,000 RPM",30
"196 hp @ 6,200 RPM",30
"577 hp @ 6,000 RPM",30
"234 hp @ 6,000 RPM",30
"154 hp @ 5,700 RPM",29
"360 hp @ 5,600 RPM",29
"440 hp @ 5,700 RPM",29
"275 hp @ 5,750 RPM",29
"156 hp @ 6,500 RPM",29
"325 hp @ 2,900 RPM",29
"143 hp @ 5,800 RPM",29
"225 hp @ 6,200 RPM",29
"563 hp @ 6,000 RPM",29
"575 hp @ 6,500 RPM",29
"255 hp @ 6,900 RPM",29
"300 hp @ 5,100 RPM",29
"211 hp @ 5,300 RPM",29
"244 hp @ 6,250 RPM",29
"210 hp @ 5,250 RPM",29
"467 hp @ 7,100 RPM",28
"354 hp @ 6,000 RPM",28
"460 hp @ 6,000 RPM",28
"616 hp @ 6,000 RPM",28
"224 hp @ 5,200 RPM",28
"483 hp @ 5,500 RPM",28
"302 hp @ 5,000 RPM",28
"255 hp @ 4,600 RPM",28
"193 hp @ 6,000 RPM",28
"219 hp @ 5,800 RPM",28
"260 hp @ 5,250 RPM",27
"260 hp @ 5,200 RPM",27
"290 hp @ 6,100 RPM",27
"380 hp @ 5,700 RPM",27
"612 hp @ 7,500 RPM",27
"286 hp @ 5,500 RPM",27
"380 hp @ 5,500 RPM",27
"345 hp @ 5,250 RPM",27
"140 hp @ 6,100 RPM",27
"611 hp @ 7,800 RPM",27
"270 hp @ 6,400 RPM",27
"275 hp @ 5,200 RPM",27
"355 hp @ 6,600 RPM",26
"270 hp @ 6,250 RPM",26
"183 hp @ 4,800 RPM",26
"144 hp @ 5,600 RPM",26
"208 hp @ 6,000 RPM",26
"244 hp @ 6,000 RPM",26
"108 hp @ 6,000 RPM",26
"204 hp @ 5,000 RPM",26
"280 hp @ 5,800 RPM",26
"197 hp @ 7,800 RPM",26
"355 hp @ 5,700 RPM",26
"125 hp @ 5,800 RPM",26
"136 hp @ 5,200 RPM",26
"485 hp @ 6,000 RPM",26
"275 hp @ 5,000 RPM",26
"172 hp @ 6,200 RPM",26
"312 hp @ 6,500 RPM",26
"248 hp @ 4,750 RPM",25
"500 hp @ 7,750 RPM",25
"505 hp @ 6,500 RPM",25
"190 hp @ 4,200 RPM",25
"210 hp @ 3,800 RPM",25
"250 hp @ 6,300 RPM",25
"210 hp @ 5,600 RPM",25
"303 hp @ 5,600 RPM",25
443 hp @ 516 RPM,25
"169 hp @ 6,600 RPM",25
"300 hp @ 6,200 RPM",25
"525 hp @ 8,000 RPM",24
"227 hp @ 4,750 RPM",24
"185 hp @ 5,800 RPM",24
"245 hp @ 6,600 RPM",24
"219 hp @ 5,700 RPM",24
"350 hp @ 6,000 RPM",24
201 hp @ 600 RPM,24
"562 hp @ 9,000 RPM",24
"302 hp @ 4,600 RPM",24
"315 hp @ 6,000 RPM",24
"241 hp @ 4,000 RPM",24
"180 hp @ 4,800 RPM",23
"310 hp @ 5,650 RPM",23
"350 hp @ 6,300 RPM",23
"301 hp @ 5,000 RPM",23
"260 hp @ 2,800 RPM",23
"220 hp @ 6,300 RPM",23
"454 hp @ 6,250 RPM",23
"372 hp @ 6,800 RPM",23
"219 hp @ 5,900 RPM",23
"150 hp @ 5,200 RPM",23
"273 hp @ 5,400 RPM",23
"169 hp @ 6,200 RPM",22
"580 hp @ 6,750 RPM",22
"520 hp @ 5,800 RPM",22
"550 hp @ 6,500 RPM",22
"457 hp @ 6,000 RPM",22
"200 hp @ 5,650 RPM",22
"260 hp @ 5,300 RPM",21
"200 hp @ 4,400 RPM",21
"310 hp @ 6,200 RPM",21
"230 hp @ 5,700 RPM",21
"375 hp @ 6,000 RPM",21
"333 hp @ 7,900 RPM",21
"340 hp @ 7,000 RPM",21
"190 hp @ 6,400 RPM",21
"164 hp @ 5,500 RPM",21
"151 hp @ 6,500 RPM",21
"168 hp @ 4,000 RPM",21
"590 hp @ 6,250 RPM",21
"415 hp @ 6,000 RPM",21
"175 hp @ 5,200 RPM",21
"369 hp @ 5,100 RPM",21
"240 hp @ 4,400 RPM",21
"354 hp @ 7,000 RPM",21
"227 hp @ 6,000 RPM",21
"245 hp @ 6,200 RPM",21
"160 hp @ 5,200 RPM",20
"253 hp @ 6,400 RPM",20
"153 hp @ 4,900 RPM",20
"150 hp @ 5,500 RPM",20
"355 hp @ 6,000 RPM",20
"480 hp @ 7,000 RPM",20
"400 hp @ 5,200 RPM",20
"789 hp @ 8,500 RPM",20
"301 hp @ 5,200 RPM",20
"263 hp @ 6,000 RPM",20
"555 hp @ 6,000 RPM",20
"218 hp @ 6,400 RPM",20
"217 hp @ 5,800 RPM",20
"198 hp @ 5,200 RPM",20
"143 hp @ 5,250 RPM",20
"350 hp @ 6,800 RPM",20
"294 hp @ 6,000 RPM",20
"195 hp @ 4,600 RPM",20
"624 hp @ 5,600 RPM",20
"241 hp @ 5,000 RPM",19
"254 hp @ 3,500 RPM",19
"553 hp @ 7,500 RPM",19
"257 hp @ 6,500 RPM",19
"305 hp @ 2,900 RPM",19
"177 hp @ 6,600 RPM",19
"225 hp @ 4,800 RPM",19
"550 hp @ 5,250 RPM",19
"379 hp @ 6,500 RPM",19
"592 hp @ 7,500 RPM",19
"483 hp @ 8,500 RPM",19
"186 hp @ 6,500 RPM",19
"150 hp @ 6,200 RPM",19
"190 hp @ 4,800 RPM",19
"305 hp @ 4,000 RPM",19
"258 hp @ 6,600 RPM",19
"560 hp @ 5,700 RPM",19
"115 hp @ 6,000 RPM",19
"600 hp @ 5,700 RPM",19
"223 hp @ 5,600 RPM",18
"311 hp @ 6,600 RPM",18
"155 hp @ 5,700 RPM",18
"315 hp @ 6,800 RPM",18
"249 hp @ 6,000 RPM",18
"680 hp @ 8,000 RPM",18
"316 hp @ 5,200 RPM",18
"194 hp @ 5,200 RPM",18
"220 hp @ 6,250 RPM",18
"394 hp @ 6,000 RPM",18
"302 hp @ 5,750 RPM",18
"315 hp @ 5,000 RPM",18
"300 hp @ 3,750 RPM",17
"230 hp @ 4,400 RPM",17
"580 hp @ 6,100 RPM",17
"177 hp @ 6,000 RPM",17
"295 hp @ 5,600 RPM",17
"231 hp @ 4,750 RPM",17
"218 hp @ 5,000 RPM",17
"601 hp @ 5,500 RPM",17
"269 hp @ 6,300 RPM",17
"591 hp @ 7,500 RPM",17
"200 hp @ 6,800 RPM",17
"550 hp @ 6,250 RPM",17
"550 hp @ 6,200 RPM",17
"122 hp @ 6,000 RPM",17
"235 hp @ 5,800 RPM",17
"335 hp @ 3,100 RPM",17
"287 hp @ 6,200 RPM",17
"295 hp @ 6,250 RPM",17
"240 hp @ 3,750 RPM",17
"106 hp @ 6,400 RPM",17
"170 hp @ 5,200 RPM",16
"153 hp @ 5,000 RPM",16
"190 hp @ 6,000 RPM",16
"220 hp @ 4,750 RPM",16
"193 hp @ 5,500 RPM",16
"540 hp @ 6,400 RPM",16
"227 hp @ 6,800 RPM",16
"230 hp @ 4,000 RPM",16
"200 hp @ 4,250 RPM",16
"304 hp @ 6,500 RPM",16
"175 hp @ 4,800 RPM",16
"133 hp @ 5,200 RPM",16
"453 hp @ 6,000 RPM",16
"440 hp @ 6,700 RPM",16
"192 hp @ 5,300 RPM",16
"224 hp @ 5,800 RPM",16
"170 hp @ 5,000 RPM",16
"440 hp @ 6,000 RPM",16
"167 hp @ 7,000 RPM",15
"186 hp @ 5,500 RPM",15
"315 hp @ 5,600 RPM",15
"473 hp @ 5,600 RPM",15
"232 hp @ 4,750 RPM",15
"250 hp @ 4,900 RPM",15
"526 hp @ 7,500 RPM",15
"201 hp @ 4,250 RPM",15
"285 hp @ 5,600 RPM",15
"260 hp @ 5,000 RPM",15
"256 hp @ 6,300 RPM",15
"259 hp @ 5,600 RPM",15
"217 hp @ 5,500 RPM",15
"184 hp @ 5,500 RPM",15
"200 hp @ 4,900 RPM",15
"302 hp @ 6,300 RPM",15
"405 hp @ 5,230 RPM",15
"715 hp @ 6,500 RPM",15
"422 hp @ 7,000 RPM",15
"500 hp @ 8,250 RPM",15
"187 hp @ 4,700 RPM",15
"320 hp @ 5,800 RPM",14
"188 hp @ 4,200 RPM",14
"240 hp @ 4,000 RPM",14
"400 hp @ 8,500 RPM",14
"262 hp @ 6,000 RPM",14
"135 hp @ 6,300 RPM",14
"626 hp @ 6,000 RPM",14
"230 hp @ 4,800 RPM",14
"305 hp @ 5,750 RPM",14
"93 hp @ 5,700 RPM",14
"151 hp @ 4,000 RPM",14
"187 hp @ 5,800 RPM",14
"155 hp @ 4,750 RPM",14
"405 hp @ 6,000 RPM",14
"630 hp @ 6,500 RPM",14
"503 hp @ 6,250 RPM",14
"215 hp @ 3,800 RPM",14
"325 hp @ 6,100 RPM",14
"263 hp @ 5,500 RPM",14
"556 hp @ 6,100 RPM",14
"304 hp @ 6,250 RPM",14
"450 hp @ 6,500 RPM",14
"291 hp @ 6,500 RPM",14
"106 hp @ 6,200 RPM",14
"291 hp @ 5,600 RPM",13
"385 hp @ 6,200 RPM",13
"382 hp @ 6,500 RPM",13
"265 hp @ 6,700 RPM",13
"518 hp @ 6,800 RPM",13
"115 hp @ 5,000 RPM",13
"453 hp @ 5,350 RPM",13
"239 hp @ 5,600 RPM",13
"571 hp @ 8,000 RPM",13
"311 hp @ 5,850 RPM",13
"545 hp @ 6,400 RPM",13
"560 hp @ 6,500 RPM",13
"252 hp @ 6,900 RPM",13
"808 hp @ 6,300 RPM",13
"149 hp @ 5,600 RPM",13
"215 hp @ 4,400 RPM",13
"190 hp @ 5,300 RPM",13
"310 hp @ 4,000 RPM",13
"132 hp @ 5,600 RPM",13
"415 hp @ 5,900 RPM",13
"282 hp @ 6,300 RPM",13
"540 hp @ 5,200 RPM",13
"154 hp @ 5,200 RPM",13
"620 hp @ 7,600 RPM",12
"405 hp @ 6,500 RPM",12
"190 hp @ 5,250 RPM",12
"260 hp @ 5,400 RPM",12
"148 hp @ 4,900 RPM",12
"115 hp @ 5,400 RPM",12
"602 hp @ 8,250 RPM",12
"325 hp @ 6,800 RPM",12
"282 hp @ 4,800 RPM",12
"521 hp @ 6,000 RPM",12
"268 hp @ 5,000 RPM",12
"444 hp @ 7,000 RPM",12
"518 hp @ 5,250 RPM",12
"368 hp @ 5,200 RPM",12
"120 hp @ 5,400 RPM",12
"221 hp @ 5,600 RPM",12
"244 hp @ 6,244 RPM",12
"382 hp @ 5,500 RPM",12
"456 hp @ 6,000 RPM",12
"390 hp @ 6,000 RPM",12
"195 hp @ 5,500 RPM",12
"240 hp @ 5,200 RPM",11
"160 hp @ 4,200 RPM",11
"201 hp @ 3,800 RPM",11
"451 hp @ 6,800 RPM",11
"562 hp @ 7,800 RPM",11
"135 hp @ 5,200 RPM",11
"138 hp @ 5,500 RPM",11
"124 hp @ 5,600 RPM",11
"641 hp @ 6,000 RPM",11
"582 hp @ 6,000 RPM",11
"621 hp @ 4,800 RPM",11
"235 hp @ 4,250 RPM",11
"500 hp @ 3,000 RPM",11
"472 hp @ 7,100 RPM",11
"380 hp @ 6,250 RPM",11
"210 hp @ 6,000 RPM",11
"253 hp @ 5,800 RPM",11
"435 hp @ 5,100 RPM",11
"143 hp @ 5,400 RPM",11
"222 hp @ 6,400 RPM",11
"215 hp @ 4,200 RPM",11
"168 hp @ 5,700 RPM",11
"320 hp @ 6,000 RPM",11
"160 hp @ 5,750 RPM",11
"361 hp @ 5,300 RPM",11
"429 hp @ 6,400 RPM",11
"170 hp @ 5,500 RPM",11
"166 hp @ 6,700 RPM",11
"450 hp @ 5,200 RPM",11
"493 hp @ 6,100 RPM",11
"386 hp @ 6,400 RPM",10
"444 hp @ 7,400 RPM",10
"212 hp @ 6,000 RPM",10
"218 hp @ 5,600 RPM",10
"100 hp @ 5,000 RPM",10
"154 hp @ 3,800 RPM",10
"540 hp @ 7,800 RPM",10
"272 hp @ 4,750 RPM",10
"600 hp @ 6,500 RPM",10
"365 hp @ 5,550 RPM",10
"120 hp @ 5,600 RPM",10
"602 hp @ 7,500 RPM",10
"189 hp @ 5,800 RPM",10
"390 hp @ 7,000 RPM",10
"378 hp @ 6,500 RPM",10
"181 hp @ 4,600 RPM",10
"320 hp @ 6,800 RPM",10
"480 hp @ 6,000 RPM",10
"103 hp @ 5,800 RPM",10
"150 hp @ 4,800 RPM",10
"165 hp @ 6,200 RPM",10
"469 hp @ 6,000 RPM",10
"340 hp @ 6,000 RPM",10
"169 hp @ 6,300 RPM",10
"394 hp @ 5,850 RPM",10
"215 hp @ 5,500 RPM",10
"147 hp @ 5,200 RPM",10
"565 hp @ 6,800 RPM",10
"563 hp @ 5,000 RPM",10
"512 hp @ 8,000 RPM",9
"662 hp @ 6,500 RPM",9
"185 hp @ 5,300 RPM",9
"331 hp @ 5,500 RPM",9
"265 hp @ 6,500 RPM",9
"433 hp @ 7,600 RPM",9
"142 hp @ 5,000 RPM",9
"205 hp @ 5,400 RPM",9
"107 hp @ 6,000 RPM",9
"410 hp @ 6,000 RPM",9
"276 hp @ 5,400 RPM",9
"275 hp @ 7,400 RPM",9
"265 hp @ 5,200 RPM",9
"200 hp @ 4,600 RPM",9
"464 hp @ 5,750 RPM",9
"385 hp @ 7,400 RPM",9
"390 hp @ 5,750 RPM",9
"222 hp @ 5,900 RPM",9
"600 hp @ 6,100 RPM",9
"235 hp @ 2,700 RPM",9
"296 hp @ 6,800 RPM",9
"235 hp @ 4,600 RPM",9
"135 hp @ 5,500 RPM",9
"264 hp @ 6,500 RPM",9
"250 hp @ 6,250 RPM",9
"200 hp @ 5,000 RPM",9
"414 hp @ 7,600 RPM",9
"475 hp @ 8,250 RPM",9
"270 hp @ 6,600 RPM",9
"360 hp @ 5,000 RPM",9
"245 hp @ 4,300 RPM",9
"532 hp @ 7,250 RPM",9
"104 hp @ 5,800 RPM",8
"265 hp @ 5,500 RPM",8
"325 hp @ 3,300 RPM",8
"248 hp @ 5,800 RPM",8
"305 hp @ 5,200 RPM",8
"200 hp @ 5,900 RPM",8
"170 hp @ 6,700 RPM",8
"350 hp @ 5,200 RPM",8
"173 hp @ 5,800 RPM",8
"268 hp @ 5,200 RPM",8
"530 hp @ 5,500 RPM",8
"225 hp @ 4,200 RPM",8
"135 hp @ 6,000 RPM",8
"243 hp @ 6,000 RPM",8
"450 hp @ 8,250 RPM",8
"260 hp @ 6,100 RPM",8
"570 hp @ 9,000 RPM",8
"700 hp @ 7,000 RPM",8
"142 hp @ 7,000 RPM",8
"222 hp @ 6,000 RPM",8
"215 hp @ 6,000 RPM",8
"150 hp @ 4,000 RPM",8
"395 hp @ 5,700 RPM",8
"182 hp @ 4,750 RPM",8
"215 hp @ 2,700 RPM",8
"272 hp @ 6,250 RPM",8
"138 hp @ 6,400 RPM",8
"542 hp @ 5,750 RPM",8
"565 hp @ 6,750 RPM",8
"168 hp @ 5,900 RPM",8
"240 hp @ 5,300 RPM",8
"201 hp @ 6,200 RPM",8
"163 hp @ 6,000 RPM",8
"262 hp @ 5,000 RPM",8
"158 hp @ 6,700 RPM",8
"137 hp @ 5,600 RPM",8
"127 hp @ 6,000 RPM",8
"164 hp @ 6,400 RPM",8
"171 hp @ 6,200 RPM",8
"711 hp @ 8,000 RPM",8
"270 hp @ 5,300 RPM",8
"100 hp @ 4,000 RPM",8
"200 hp @ 6,200 RPM",8
"523 hp @ 4,900 RPM",8
"542 hp @ 6,000 RPM",7
"228 hp @ 6,300 RPM",7
"238 hp @ 8,500 RPM",7
"400 hp @ 5,850 RPM",7
"173 hp @ 6,200 RPM",7
"393 hp @ 5,700 RPM",7
"293 hp @ 6,000 RPM",7
"224 hp @ 4,750 RPM",7
"400 hp @ 7,000 RPM",7
"319 hp @ 4,600 RPM",7
"270 hp @ 5,400 RPM",7
"333 hp @ 6,800 RPM",7
"460 hp @ 7,750 RPM",7
"143 hp @ 6,000 RPM",7
"185 hp @ 5,500 RPM",7
"161 hp @ 3,800 RPM",7
"120 hp @ 4,600 RPM",7
"90 hp @ 3,750 RPM",7
"360 hp @ 6,800 RPM",7
"302 hp @ 6,800 RPM",7
"292 hp @ 6,300 RPM",7
"400 hp @ 4,600 RPM",7
"305 hp @ 5,800 RPM",7
"500 hp @ 5,000 RPM",7
"145 hp @ 4,000 RPM",7
"550 hp @ 5,700 RPM",7
"420 hp @ 6,200 RPM",7
