sp_name,count
Carvana,2044
Dorian Ford,1231
Motor Werks of Barrington,1004
Dick Huvaere's Richmond Chrysler Dodge Jeep RAM,961
Brunswick Auto Mart,942
Dana Ford Lincoln,942
Danbury Hyundai CDJR Kia,941
Shea Chevrolet Buick GMC,940
Banks Chevrolet Cadillac Buick GMC,937
Quirk Chevrolet,936
Pat Milliken Ford,903
Open Road Honda,859
Boch Honda,857
Feldman Chevrolet of Highland,813
Feldman Chevrolet of Novi,813
Hoselton Chevrolet,808
Ray Skillman Ford,806
DCH Paramus Honda,800
Serra Buick GMC Cadillac Kia,800
Tasca Ford Cranston,770
Dorschel Automotive Group,769
DARCARS Toyota of Silver Spring,765
Auto Spot LLC.,749
Fullerton Auto Group,746
Sundance Chevrolet Buick GMC,736
Serra Ford Rochester Hills,730
Route 46 Chrysler Jeep Dodge,692
Koons Ford of Baltimore,691
Bowser Subaru,686
LaFontaine Cadillac Buick GMC,684
Bayside Chrysler Jeep Dodge,682
Koon's Ford Lincoln Mazda of Silver Spring,669
CarVision Mitsubishi,652
Apollo Auto Sales,648
DCH Kay Honda,647
Golling FIAT Chrysler Dodge Jeep Ram,642
JBA Chevrolet,637
Koch 33 Automotive,630
Irwin Automotive Group,630
Jim Coleman Honda,627
Pugi Downers Grove,627
Conicelli Toyota of Conshohocken,626
Honda North,614
MajorWorld.com,614
Team Nissan,606
Great Lakes Honda,600
Colonial Ford,590
Varsity Lincoln,589
Mercedes-Benz of Rockville Centre,583
Fairway Ford,575
AutoFair Honda in Manchester,565
Koons Westminster Toyota,564
Feldman Chevrolet of New Hudson,563
Martin Mazda,562
Joe Basil Chevrolet,553
Todd Wenzel Buick GMC of Westland,552
Rothrock Motor Sales Chrysler Dodge Jeep Ram,548
Automotive Avenues,548
Mercedes-Benz of Paramus,548
Edison Nissan,546
Honda Of Staten Island,541
DCH Academy Honda,541
Avis Ford Inc,540
Conicelli Hyundai,534
Waikem Auto Family,532
Currie Motors Ford of Valpo,530
Elder Ford of Romeo,530
Elgin Hyundai,525
Stamford Hyundai,525
A Better Way Wholesale,524
ESK Investments dba Northland CDJR,521
Lasco Ford,520
Sweeney Chevrolet Buick GMC,519
East Hills Chrysler Jeep Dodge,518
Imperial Ford,517
Conicelli Honda,511
Matthews-Hargreaves Chevrolet,510
"Jack Madden Ford Sales, Inc.",501
Serra Chevrolet,500
Honda of New Rochelle,500
Koeppel Nissan,500
Fitzgerald Hyundai Subaru of Rockville,496
Pilson Auto Center,495
Apple Ford Lincoln,495
Webb Ford Inc,493
Davis Honda,491
Harold Zeigler Ford,491
Hamilton Chevrolet,491
Lancaster County Motors Subaru,490
Destination KIA,489
Healey Hyundai,489
Lindsay Ford of Wheaton,487
Joe Rizza Ford Lincoln,485
Sellers Automotive Inc.,484
Jerry's Toyota,484
Stamford Ford Lincoln,483
Serpentini Chevrolet of Willoughby Hills,483
Sterling Heights Chrysler Dodge Jeep,481
Ray Chevrolet,481
Tarbox Hyundai,481
"Berlin City Auto Group Gorham, NH",479
Liberty Auto City,478
King Volkswagen,476
Ray Laks Honda of Orchard Park,470
Marina Chrysler Dodge Jeep Ram,470
Nissan of Ramsey,470
Ford & Lincoln of Smithtown,465
Tarrytown Honda,462
Sarat Ford,461
Brondes Ford Lincoln Maumee,459
Hines Park Ford,458
Koons Falls Church Ford,458
All American Ford & Mazda of Point Pleasant,458
Atlantic Chevrolet Cadillac,458
"Schultz Ford Lincoln, Inc.",458
Portsmouth Ford Lincoln,457
Merchants Automotive Group,453
Flagship Motorcars of Lynnfield,451
Expressway Toyota,451
Brighton Ford,450
Saratoga Honda,448
Bob Maxey Ford of Howell,447
George Wall Ford,443
Humes Chrysler Jeep Dodge & RAM,442
Toyota of Hackensack,441
Crest Ford Incorporated,441
AutoFair Ford,441
Woburn Toyota,437
Bill Dube Ford Toyota,433
Phillips Chevrolet of Frankfort,431
Porter Chevrolet,426
Ramsey Volvo,425
Dan O'Brien Kia Concord,425
Toyota of Naperville,424
South Oak Dodge Chrysler Jeep,423
Jaguar Land Rover Glen Cove,421
Diehl of Butler,421
Performance Ford,421
Heritage Honda Westminster,419
Elgin Toyota,418
Bell Ford,416
Mazda of Ramsey,415
Elgin Chrysler Dodge Jeep RAM,415
Hurd Auto Mall,415
Fox Ford Lincoln Chicago,415
Rallye Motors,414
Garber Chevrolet Highland,414
Nick Mayer Ford Lincoln,413
Schumacher Chevrolet of Little Falls,412
Yonkers Kia,411
Flood Ford of East Greenwich,410
Chapman Ford Chrysler Jeep Dodge Ram,410
Rochester Hills Chrysler Jeep Incorporated,410
Castle Chevrolet,409
Taylor Chrysler Dodge Jeep RAM,409
Hyundai of Palatine,408
Simmons Rockwell Chevrolet Buick GMC,404
DCH Ford of Eatontown,404
Heritage Toyota Catonsville,402
Empire Hyundai,401
Habberstad BMW,401
Honda City Chicago,397
Park Ave Acura,397
Lunghamer Buick GMC Inc.,397
Wayne Mazda,397
Willowbrook Ford Kia,396
Ray Laethem Motor Village,396
Mercedes-Benz of Fort Washington,394
Lundgren Honda of Auburn,394
Tom's Ford,393
Gettacar,392
Hawk Ford of Oak Lawn,392
Jones Family of Dealerships,392
Charlie's Chevrolet,781
Auto Outlet,389
Route 46 Nissan,389
Ganley Village Chrysler Dodge Jeep Ram Fiat,387
Advantage Chevrolet Hodgkins,386
Herb Chambers Honda of Seekonk,384
Brigham-Gill Chrysler Jeep Dodge,384
Friendly Ford,383
Dean Sellers Ford Inc,383
J&M Automotive,382
Road Ready Used Cars,382
Castle Chevrolet North of Elk Grove Village,381
Ourisman Honda Of Laurel,759
Avis Car Sales - Chicago,379
Advantage Toyota,379
Honda Cars Of Boston,379
Ingersoll Auto of Danbury,378
Criswell Chrysler Jeep Dodge RAM FIAT,378
St. Charles Chrysler Dodge Jeep Ram,378
Hawk Ford Saint Charles,377
Hank Graff Chevrolet Inc,377
Wayne Hyundai,375
Sport Honda,374
Lambert Buick GMC,374
Wiscasset Ford Inc,373
Herb Chambers Honda in Boston,372
Manchester Honda,372
Auto Lenders Princeton,371
Currie Motors Ford of Frankfort,371
Heritage Honda Bel Air,371
Heritage Hyundai Towson,368
Classic Hyundai,368
Hyundai of South Brunswick,734
Baierl Toyota,367
Bill Page Honda,366
Norris Ford,366
Orleans Ford,365
Wally Armour Chrysler Dodge Jeep,365
Planet Subaru,365
Bergey's Chevrolet,364
M'Lady Nissan,364
Chesrown Chevrolet Buick GMC,363
Heller Motors Inc.,363
"Dave White Chevrolet, Inc.",363
O'Neil Nissan,362
Chrysler Dodge Jeep of Paramus,362
O'Donnell Honda,362
Suburban Subaru,361
Marino Chrysler Jeep Dodge Ram,361
Chevrolet of Milford,360
Toyota of Morristown,359
Jim Shorkey Youngstown Chrysler Jeep Dodge RAM FIAT,359
Gary Rome Hyundai,358
Metro Ford Sales Inc.,358
Rockland Hyundai,356
Art Hill Ford Lincoln Mazda,354
Sansone Jr's,354
"Condor Mt. Kisco, LLC",353
McGee Chevrolet of Raynham,353
Sport Chevrolet,353
Ourisman Hyundai of Bowie,353
Joyce Honda,352
Landmark Honda,350
Kelly Jeep Chrysler,350
Copeland Toyota,349
Star Lincoln,348
DARCARS 355 Toyota,348
Imperial Chrysler Dodge Jeep Ram,348
Coccia Ford Lincoln,347
Woltz & Wind Ford,347
Elmhurst BMW,347
DePaula Ford Mazda,347
Crowley Chrysler Dodge Jeep Ram,347
Liccardi Ford Lincoln,346
Westbury Toyota,346
Auto Lenders Exton,346
Chicago Northside Toyota,346
BMW of Morristown,688
Tate Dodge Chrysler Jeep,343
Bosak Motors,343
Elder Ford,342
Koons Annapolis Toyota,341
Wes Greenway's Alexandria Volkswagen,340
Levittown Ford,340
Seelye Ford of Kalamazoo,340
Westboro Toyota,339
Jim Riehl's Friendly Cadillac Honda,676
Serpentini Chevrolet,337
Springfield Acura,337
Biener Audi,336
Boulevard Ford Lincoln,672
Bob Fisher Chevrolet,335
Conicelli Nissan,334
Keeler Honda,334
BMW Mini of Freeport,670
Middletown Nissan,331
Jidd Motors,331
Winner Ford Hyundai,331
Imperial Chevrolet,330
Colonial Subaru,330
Auto Lenders Egg Harbor Township,329
Ganley Nissan,329
Cherry Hill Dodge Chrysler Jeep RAM,329
Moran Buick GMC,329
Fuccillo Kia of Schenectady,329
Lee Dodge Chrysler Jeep,329
Hyundai of Paramus,328
Bical Auto Mall,328
DCH Brunswick Toyota,328
Honda of Champaign,328
Armory Chrysler Dodge Jeep Ram Fiat of Albany,327
Subaru Stamford,326
Jeffrey Automotive Group,326
All American Ford of Paramus,325
Hartford Toyota Super Store,325
Hudson Hyundai,649
Towne Hyundai,324
Columbiana Chrysler Jeep Dodge,324
Tamaroff Auto Group,324
Imperial Hyundai,323
Ganley Subaru of Wickliffe,323
Quality Chevrolet Buick GMC,323
Atamian Honda,322
Apple Honda,322
Koons Arlington Toyota,640
DARCARS Chrysler Jeep Dodge of Rockville,319
Bright Bay Auto Group,637
Al Packer White Marsh Ford,317
GR Auto Gallery,317
Skalnek Ford Inc,317
Dave Hallman Chevrolet,316
Cortese Ford Lincoln,316
Mike Anderson Chevrolet of Merrillville,316
Blaise Alexander Chevrolet Buick of Muncy,315
Balise Toyota Springfield,315
Bianchi Honda,314
Destination Nissan,314
Sloane Toyota of Philadelphia,314
Millennium Chevrolet,314
Auto Lenders of Williamstown,313
Bull Valley Ford,313
Generation Kia,313
Koons Clarksville Chevrolet Buick GMC,313
Steven's Ford,313
Metro Toyota,313
Classic Ford Lincoln,313
Acton Toyota of Littleton,312
Coleman Buick GMC Cadillac,312
Bob Ruth Ford,312
Sansone Auto Group,312
Cole Nissan,312
Nissan of Atlantic City,312
Turnersville Chrysler Jeep Dodge Ram,311
Romano Ford,311
Auto Park Buick GMC - Plymouth,311
Herb Chambers Honda of Westborough,311
Heidebreicht Chevrolet,620
Victory Mitsubishi,310
Balise Honda of West Warwick,310
Mercedes Benz of Burlington,310
Celebration Kia,309
East Syracuse Chevrolet,309
Hudson Honda,309
Bobby Rahal Toyota,309
Honda of Owings Mills,309
Cambridge Honda,308
DCH Freehold Toyota,308
Rockland Chrysler Dodge Jeep Ram,307
Lester Glenn Hyundai,307
Prestige Collection,307
Lexus of Watertown,612
Toyota of Bowie,306
Honda of Freehold,305
Team Toyota of Glen Mills,305
Bill Stasek Chevrolet,305
Copeland Chevrolet,305
Portsmouth Chevrolet,304
Holman Ford Lincoln,304
Towne Chrysler Dodge Jeep RAM,304
Phillips Chevrolet of Lansing,303
McGrath City Hyundai,303
Central Avenue Chrysler Jeep,303
O'Neil Buick GMC,303
Acura of Ramsey,302
Wally Edgar Chevrolet,301
Baron Honda,301
Yankee Ford of South Portland,301
Carbone Honda of Yorkville,300
Cherry Hill Audi Porsche Volkswagen,299
Silko Honda,299
Miller Motorcars,299
Boch Toyota,298
Sloane Toyota of Malvern,298
BMW of Mount Laurel,298
Shuman Chrysler Dodge Jeep Ram,297
Twin City Subaru,297
All American Ford & Subaru of Old Bridge,296
Bob Davidson Ford Lincoln,296
Berlin City Honda of Portland,296
Lexus of Englewood,296
Jaguar Land Rover Huntington,295
Malouf Ford,295
Park Ford,295
"Tom Masano Ford, Inc.",295
Arlington Acura In Palatine,294
Highline Car Connection,294
Cappellino Buick GMC,294
Herb Chambers Ford of Braintree,294
Hertz Car Sales Cleveland,294
Schepel Buick GMC,294
Paul Miller Honda of West Caldwell,293
Cranbury Buick GMC,293
Basil Toyota,292
Avon Auto Brokers,292
Boch New to You,292
Bob Bell Nissan Kia of Baltimore,291
Buss Ford Lincoln,291
Holman Toyota,290
Kingston Nissan,290
Brandfon Honda,289
Ciocca Subaru,289
Maple Hill Auto Group,289
Jim Shorkey Chrysler Dodge Jeep Ram Fiat,289
Western Ave Nissan,289
Ralph Honda,288
Lexus of Brooklyn,288
Brown's Arlington Honda,287
DCH Montclair Acura,287
Direct Auto Sales and Leasing,287
Mohawk Honda,286
Classic Chevrolet,286
Herb Chambers BMW of Boston,286
Prestige Toyota,286
Fred Martin of Youngstown,286
Sunbury Motor Co.,285
Wide World BMW,285
Grand Prize Auto,570
Plaza Auto Mall,285
Vic Canever Chevrolet,284
Prestige Volvo,567
The Highline Group,283
Gault Auto Mall,282
Nissan of South Holland,562
MotorWorld Pre-Owned,281
Johnson Chrysler Dodge Jeep Ram,281
East Hills Chevrolet of Freeport,280
Baglier Buick GMC,280
Handy Toyota,280
Platinum Preowned LLC,280
Bald Hill Kia,558
New Rochelle Hyundai,279
Ron Tirapelli Ford,278
Bay Ridge Nissan,278
Mercedes-Benz of Chicago,278
Burlington Chevrolet,555
Ballas Buick GMC,276
Schumacher Chevrolet of Denville,276
Holman Ford Lincoln Turnersville,276
Thompson Toyota,276
AutoMax Preowned Framingham,276
Bergey's Buick GMC,275
Lia Nissan of Colonie,275
Prime Acura,275
Quality Chevrolet,275
Auto Express,275
Burlington Subaru,275
Heritage Mazda Bel Air,274
Kelly Nissan,274
South Suburban Mitsubishi,274
Bell Audi,274
Buhler and Bitter,274
Jaguar Land Rover Parsippany,274
McGovern Ford,274
Prime Honda - Boston,273
Mohawk Chevrolet,273
Chevy Chase Acura,273
CarMax White Marsh - Now offering Curbside Pickup,272
Goss Dodge Chrysler Ram Jeep,272
St Charles Toyota,271
KC Summers Toyota Buick GMC Hyundai,271
Towne Toyota,271
Paul Masse Chevrolet East Providence,271
Brown-Daub Volvo of Lehigh Valley,271
Empire Chevrolet of Huntington,271
Castle Buick GMC,270
Car Revolution,270
Freedom Toyota of Hamburg,270
Mercedes-Benz of White Plains,540
Princeton Audi VW,269
Empire Ford of New Bedford,268
Twin City Dodge Chrysler,268
Barlow Chevrolet,268
Liberty Honda,536
Classic Toyota,268
Northtown Chrysler Jeep Dodge RAM,268
Mahwah Ford,268
Mike Raisor Auto Group,267
Gengras Chrysler Dodge Jeep Ram,267
Preston Sharon,267
Autoserv of Tilton,267
Boch Toyota South,266
Team Honda,266
Kelly Mitsubishi,532
Twin Pine Ford,266
Mercedes-Benz of Westwood,265
Maplecrest Ford of Mendham,264
Palace Chrysler Dodge Jeep Ram,264
Fette Ford Kia,264
Manchester City Nissan,537
Smythe Volvo,263
FX Caprara Honda,263
Prime Toyota Route 2,262
DeFouw Chevrolet BMW,262
Cargill Chevrolet,262
Passport BMW,262
Mercedes-Benz of Boston,261
Thruway Nissan,532
Gregory Hyundai,261
Plaza Ford,261
Ruge's Automotive,261
Executive Nissan Jeep,532
Baierl Chevrolet,261
Circle Buick GMC,261
Axelrod Buick GMC,261
Richard Chevrolet,260
Toyota of Smithfield,260
Star Nissan,520
Bill Kay Chevrolet,260
Grieco Toyota,260
Anthony Buick GMC,259
Koons Ford of Annapolis,259
Route 23 Kia,518
Castle Ford-Lincoln,259
BMW of Alexandria,518
Colonial Honda of Dartmouth,259
Schumacher Chevrolet of Livingston,258
All American Ford of Hackensack,516
Grieco Hyundai of Johnston,258
Oak Lawn Mazda,258
Rockingham Honda,258
Don's Ford Superstore,257
Boch Honda West,257
Open Road Chevrolet,256
Route 22 Nissan,511
Carman Ford Lincoln,255
Barber Auto Group,255
Exotic Auto Group,510
Jack Phelan Chevrolet,254
Biener Ford,254
Southlake Automall,254
Toyota of Southern Maryland,254
Bill Jacobs Volkswagen,507
Harold Zeigler of Kalamazoo,253
Mercedes-Benz of Catonsville,253
Lindsay Lexus of Alexandria,253
Grote Automotive,253
Freehold Ford,253
Sutton Ford Lincoln,252
BMW of Bridgeport,252
Wright Hyundai,504
Romano Toyota,252
Century 3 Chevrolet,503
Ramsey Subaru,502
Rockland Nissan,251
Chevrolet of Smithtown,251
Ide Honda,251
Gene Butman Ford Sales,250
Prime Honda 128,250
Sarant Cadillac,250
Honda of Valley Stream,250
Hyundai of Bedford,250
Axis Motorcars,250
Bridgewater Kia,249
Ingersoll Auto of Pawling,249
Patriot Chevrolet,249
Chevrolet of Homewood,249
Sunrise Chevrolet,249
McGrath City Honda,497
Cappellino Cadillac,248
Herb Chambers Chevrolet of Danvers,247
Grieco Ford,247
Wellesley Toyota,247
Advantage Chevrolet Bolingbrook,247
Gengras Ford Lincoln,247
Nissan of New Rochelle,247
Bill Page Toyota,247
White Plains Buick GMC,247
Toyota of Stamford,247
Bill Rapp Subaru,246
Waterford Mitsubishi,246
Gerald Nissan of Naperville,246
Land Rover Norwood,246
Ogden Lincoln of Westmont,246
Pearson Ford,245
Keene Dodge Chrysler Jeep Company,245
Pepe INFINITI,245
Steet-Ponte Ford Lincoln,245
George Harte Nissan,489
Miller Auto Team,244
Rodman Ford Sales,244
Summit Place Kia,244
McGee Toyota of Dudley,488
Bredemann Ford,244
Betten Imports,243
Tarbox Toyota,243
Classic Honda,243
Toyota of Nashua,243
Jeff Schmitt Chevrolet South,243
Mike Camlin Hyundai of Greensburg,243
BMW Peabody,243
Champaign Ford City Lincoln,243
Stephen Auto Mall,242
Stoneham Ford,242
Terryville Chevrolet,242
Atlantic Subaru,242
New Motors Subaru,242
McGrath Lexus of Westmont,242
Nissan of Huntington,241
Salvadore Auto Group,482
Lombard Toyota,240
Friendly Honda,240
Herb Chambers Lexus,480
Bob Maxey Ford Incorporated,240
Colonial Hyundai of Downingtown,240
Napoli Kia,239
Jack Daniels Volkswagen,239
Mitchell Auto Group,238
Caskinette's Ford,238
Victor Chevrolet,238
Tom Wood Nissan,238
Bob Weaver GM Chrysler,238
Preston Hyundai,238
Circle Infiniti,476
Ray Catena Lexus of Freehold,476
Cortese Chrysler Jeep Dodge Ram,237
Carbone Chrysler Jeep Dodge,237
Herb Connolly Hyundai,237
Central Chevrolet Inc,237
Premier Subaru,237
Cherry Hill Mitsubishi,236
Monaco Ford,471
Berlin City Toyota of Portland,235
Legend Nissan,235
Webb Hyundai Highland,235
Dorschel Toyota,235
Smithtown Toyota,235
BMW MINI of Annapolis,235
Transitowne Kia of West Seneca,235
Millennium Toyota,235
Metro Lexus,468
Milford Nissan,468
Montgomeryville Nissan,234
Marlboro Nissan,233
Dave McDermott Chevrolet,233
J & S AutoHaus - Ewing,467
Blasius Pre-Owned Auto Sales,467
Tulley of Nashua,233
AutoFair Nissan of Chelmsford,232
Ciocca Honda,232
Sheehy Hyundai,232
Empire Toyota of Huntington,232
Apple Chevrolet,232
Del Toyota,462
Maguire Hyundai/Maguire Subaru,231
World Hyundai Matteson,231
Vermilion Chevrolet Buick GMC,230
Fuccillo Lincoln Hyundai,230
Ourisman Chevrolet of Marlow Heights,230
Bedard Bros Auto Sales,230
Patrick BMW MINI,230
Kia of Attleboro,230
Tri City Subaru,230
Colonial South Chrysler Jeep Dodge,229
Grand Blanc Mitsubishi,229
Faulkner Nissan,458
Ourisman Volkswagen Volvo of Bethesda,228
Autobahn USA,228
Hamilton Imports,227
Prestige Lexus,454
Champion Chevrolet of Howell,454
Courtesy Motors,227
Ourisman Chevrolet of Rockville,227
Boch Chevrolet,226
Sheehy Nissan of Glen Burnie,226
Lincoln Of Wayne,226
Gurnee Volkswagen,226
Clay Subaru,226
DARCARS Toyota of Baltimore,225
Queens Auto Mall,225
Sport Hyundai Dodge,225
Jannell Ford of Hanover,225
Mercedes-Benz of Fairfield,224
Napleton Mazda of Countryside,224
East Hills Chevrolet of Douglaston,224
Greg Hubler Ford,224
Page Honda Bloomfield,224
CarRight Chrysler Dodge Jeep Ram,448
Rockland Motors,224
Hawthorne Chevrolet,224
Auto Holding,224
Jack Daniels Kia,224
Kelly Nissan of Lynnfield,223
Branhaven Chrysler Jeep Dodge,223
Competition BMW of Smithtown,223
Springfield Buick GMC,223
Bonner Chevrolet,223
Mercedes-Benz of Smithtown,223
Herb Chambers BMW of Sudbury,223
Royal Buick GMC,223
Lou Lariche Chevrolet,223
Tony Mangino Mitsubishi,222
Heritage Chrysler Jeep Dodge Owings Mills,222
Toyota of Boardman,444
Laurel Kia,222
Ourisman Lexus of Rockville,222
Atlantic Auto Sales,222
Concordville Nissan,444
Route 46 Subaru,221
National Car Mart,221
Napleton's River Oaks Honda,221
Daniels BMW,442
Jennings Chevrolet,221
Rockland Ford,220
Franklin Ford,220
Valley Cadillac,220
Avis Car Sales - Natick,220
Baierl Ford,220
Peruzzi Toyota,220
Acura of Valley Stream,220
Haldeman Ford,220
Honda of Plymouth,220
Ford of Londonderry,220
Sentry Ford Lincoln,220
La Porte Chrysler Dodge Jeep Ram,219
Malloy Ford of Alexandria,219
Chapman Northeast Ford Volkswagen,219
Hessert Chevrolet,218
Bargain Cars US,218
John Kennedy Ford of Pottstown,218
Audi Burlington,218
Robert Basil Buick GMC Cadillac,218
Mazda of Lodi,218
Carbone Subaru of Utica,218
Bob Bell Chevrolet,217
Bob Rohrman Subaru,217
BMW of Newton,217
Route 33 Nissan,217
Brooklyn Mitsubishi,217
Bertera Nissan,217
McElwain Motor Car Company,217
Peters Nissan of Nashua,216
Stevens Ford of Milford,216
Paul Miller Subaru,432
Bob Rohrman Kia,216
Lindsay Cadillac,216
Garavel Subaru,216
Nissan of Staten Island,216
Central Ave Nissan,216
Franklin Sussex Auto Mall,216
Best Chevrolet,216
Fields Chrysler Jeep Dodge Ram Glenview,216
Empire Chrysler Jeep Dodge Ram of West Islip,216
Colonial Cadillac,215
Metro Honda,215
Ken Pollock Nissan,215
Atlantic Toyota,215
Hertz Car Sales Baltimore,215
Executive Honda,215
Shaker's Family Hyundai,215
Prime Ford - Auburn,215
Binghamton Chrysler Jeep Dodge,215
BMW of Shrewsbury,214
Romeoville Toyota,214
Acura of Bay Shore,214
Route 9 Mazda,428
Bertera Subaru,214
Ciocca Toyota of Williamsport,214
Prime Toyota - Saco,427
Henkel Auto Group,427
MacMulkin Chevrolet Cadillac Corvette,213
DARCARS Honda,213
AutoNation Ford East,213
Boardman Subaru,213
Jordan Ford,212
Kia of Muncie,212
Liberty Ford Aurora,212
Fred Martin Nissan,212
Pacifico Ford,212
Nazareth Ford,212
Hertz Car Sales Lynn,212
Lucas Chevrolet,212
Gates Toyota,212
Bob Rohrman Toyota,212
Waldorf Toyota,212
Stocker Chevrolet Subaru,211
Bowser Hyundai of Chippewa,211
Colonial Toyota,211
Colonial Volkswagen,211
Wyoming Valley Larksville,211
First Hyundai,211
Lamoille Valley Ford Incorporated,210
Elmwood Chrysler Dodge Jeep Ram,210
Rensselaer Honda,210
Route 17 Nissan,210
DARCARS Volvo,210
Davis Acura,210
Brattleboro Subaru,210
Baron Nissan,210
Dover Honda,209
Boch Nissan South,209
Euro Motorcars Bethesda,209
Shaker Family Ford Lincoln,209
Riverhead Toyota,209
Mike Savoie Chevrolet,209
Allentown Kia,209
Bill Vince's Bridgewater Acura,209
Nissan of Lafayette,209
Riverhead Ford Lincoln Buick GMC,208
Brogan Cadillac,208
Brown Daub Chrysler Jeep Dodge RAM,208
Kelly Honda,208
Rick Ridings Ford,207
Audi Shrewsbury,207
Imlay City Ford,207
Ford Lincoln of Queens Boulevard,207
Lexus of Arlington,207
Gengras Chevrolet,207
Kokomo Auto World,207
Bosak Nissan,207
Wow Toyota of Wallingford,207
Tasca Ford Mazda Seekonk,207
Lake Shore Ford Toyota,206
Manfredi Chevrolet,206
Whaling City Ford Lincoln Mazda,206
Faulkner Honda,206
Herb Connolly Chevrolet,412
Herb Chambers Ford of Westborough,411
BMW of Ridgefield,409
Mcgee Toyota of Claremont,409
Prestige Cadillac,204
Acme Nissan,409
MetroWest Subaru,409
DCH Millburn Audi,204
Midway Automotive,407
Prime Honda - Saco,203
Audi Manhattan,203
Biggers Chevrolet,203
Ron Bouchard's Honda Store,203
Porter Nissan Infiniti,404
Kelly Ford,404
Donnell Ford,404
Benzel-Busch Mercedes-Benz,402
Continental Mazda of Naperville,402
Preston Honda,201
Audi Westwood,201
Serpentini Chevrolet Buick of Orrville,201
Fitzgerald Cadillac Annapolis,201
Saratoga Ford Subaru,402
World Class Automobiles,200
Kia of East Hartford,200
Summit City Chevrolet,200
Sheridan Nissan,200
Curry Chevrolet,200
Volvo Cars of Manhattan,200
Basil Ford of Niagara Falls,199
Flood Ford Lincoln of Narragansett,398
Key Chrysler Dodge Ram of Portsmouth,398
Preston Superstores,199
Magic Auto Sales,199
Jaguar Land Rover Bethesda,199
Tom Wood Toyota,199
Sheridan Ford Sales,198
Volkswagen of Bedford,198
Gaven Auto Group,396
Bredemann Toyota,198
McGee Toyota of Hanover,198
Geneva Foreign & Sports,198
Solomon Chrysler Jeep Dodge Carmichaels,198
Dip's Luxury Motors,197
Koons Volvo of Owings Mills,197
Ourisman Chevrolet Baltimore,197
Harte Nissan,197
Blaise Alexander Nissan,197
Towne BMW,196
Mall Chevrolet,196
Valenti AutoCenter,196
Criswell Nissan,196
Golling Toyota,196
Ki-Po Chevrolet Inc.,196
Young Volkswagen,196
Johnstons Subaru,196
NorthStar Kia,196
BMW of Silver Spring,195
Faulkner Toyota Trevose,195
Lia Hyundai of Albany,195
Kenny Ross Ford,195
Jim Coleman Infiniti,390
Bob Bell Ford Hyundai,194
4 Your Car Connection,194
Winner Ford,194
Ganley Buick GMC,194
Seymour Ford Lincoln,193
Interstate Mitsubishi,193
Toyota of Watertown,193
Herb Connolly Acura of Framingham,193
Newport Chevrolet Buick GMC,193
New Country Toyota of Clifton Park,192
Nissan of Yorktown Heights,192
Sawyers Chevrolet,384
Tulley BMW of Nashua,384
Lester Glenn Chevrolet,192
Lincoln of Troy,192
Nissan 24,191
Mercedes-Benz of Alexandria,191
Preferred Ford of Grand Haven,382
Portsmouth Used Car Center,191
Bryner Chevrolet,382
O'Daniel Ford,191
Martin Nissan,191
Bridgeland Auto Brokers,191
Lakeview Ford Lincoln,191
Bruce Bennett Nissan,191
Sullivan-Parkhill Automotive,190
Bellavia Chevrolet Buick,190
Larson Ford,190
Route 44 Toyota,190
Madison Honda,380
Ourisman Chevrolet of Bowie,380
Sayville Ford Sales,380
Open Road Volkswagen Manhattan,380
Maguire Chevrolet of Baldwinsville,190
Watertown Ford,189
Lucas Ford,378
DeLacy Ford,378
Mercedes-Benz of Flemington,378
McGrath Audi,189
Fox Valley Buick GMC,189
Koons Easton Toyota,189
Open Road Mazda of Morristown,189
Brown Daub Kia,378
Mike Smith Buick GMC,188
Terry's Ford of Peotone,188
Koons White Marsh Chevrolet,188
Grand Ledge Ford Lincoln,188
Smithtown Kia,376
Balise Hyundai,188
Hertrich's Frederick Ford,188
Tom Kelley Chevrolet Buick,188
Castle Subaru,374
Audi Hawthorne,374
Carbone Subaru,187
Colonial Ford Marlboro,374
Volkswagen of Hartford,187
Nemer Volkswagen,187
Upper Valley Honda,187
Key Hyundai of Salem,375
Monadnock Ford,371
Bourne's Auto Center,370
Hertrich Nissan,370
Charlie's Honda,370
Garvey Hyundai North,369
Greenwoods Hubbard Chevrolet,184
Prime Toyota - Boston,368
Bay Ridge Hyundai,184
Bay Ridge Chevrolet,184
Viti Mercedes-Benz,368
Sansone's Route 1 Toyota,183
Heritage Volkswagen Parkville,183
European Masters,183
Northgate Ford,183
Casco Bay Ford,183
Classic BMW MINI,183
Ciocca Hyundai,183
Autosaver Ford,183
Spartan Toyota,183
Carman Chrysler Jeep Dodge,367
Passport INFINITI of Suitland,183
Webb Hyundai Merrillville,182
Toyota of Bennington,182
Tasca Kia,182
Interstate Toyota,182
Emerson Chevrolet Buick,182
Audi Brookline,182
Lia Honda of Enfield,182
Infiniti of Clarendon Hills,182
Audi of Nashua,181
Flawless Auto Mall,181
Newburgh Toyota,181
Jack Daniels Audi of Paramus,181
Serpentini Chevrolet of Medina,181
Erhard BMW of Farmington Hills,181
BEST BUY AUTO SALES,181
Herb Chambers Hyundai of Auburn,181
Your Choice Autos - Posen,181
MINI of Alexandria,181
Adams Chevrolet,181
Burke Motor Group,180
Continental Toyota,180
Auto Direct Cars LLC,180
Hertz Car Sales Smithtown,180
Webb Chevrolet Plainfield,180
Pacifico Mazda Hyundai,180
Mastria Buick GMC,180
Mercedes-Benz of Silver Spring,180
Bill Walsh Ford Lincoln Kia,180
McGuire Buick GMC,179
Garvey Hyundai,179
O'Connor Chevrolet Incorporated,179
Open Road Mazda of East Brunswick,179
Advantage Toyota of River Oaks,179
Ourisman Chrysler Jeep Dodge RAM,179
Chapman Ford Lincoln Mazda,178
Basil Resale Sheridan,178
Somersworth Nissan,178
Safford Ford Lincoln of Salisbury,178
CarMax Danvers - Now offering Curbside Pickup,178
Devon Nissan,178
Rallye Lexus,178
Blaise Alexander Chrysler Dodge Jeep Ram,178
Key Ford of York,178
Fox Valley Volkswagen Schaumburg,178
Framingham Ford,177
Grappone Automotive Group,177
Waukegan Auto Auction,177
Motion Kia,177
Volvo Cars Westport,177
Competition Subaru of Smithtown,354
Watseka Ford Lincoln,176
Hyannis Toyota,176
Prime Subaru Manchester,176
Freedom Nissan,176
Bill Dodge Auto Group - Saco,176
Lithia Hazleton Honda,352
Page Toyota,176
North End Subaru Mazda,352
INFINITI of Englewood,175
Murray's Ford,175
Volvo Cars Plymouth,175
Sherwood Chevrolet Buick GMC,175
City World Ford,175
Boch Nissan,175
Audi Creve Coeur,175
Merlex Auto Group,175
Route 6 Automall Kia,175
Meadowland Chrysler Dodge Jeep Ram,175
Nissan of Queens,350
Groulx Automotive Buick GMC,350
Kelly Buick GMC,175
Bob Rohrman Hyundai,174
Keenan Motors,348
Bergey's Lincoln,174
Central Maine Toyota,348
South Shore Nissan,174
Graff Chevrolet Okemos,348
Joe Cotton Ford,174
Autofair Volkswagen,174
Honda of Downtown Chicago,173
Fletcher Jones Audi,173
Fort Wayne Kia,346
DiFeo Kia,173
Trust Auto,346
Upstate Chevrolet,346
Reichard Buick GMC,173
Taylor Chevrolet Toyota of Hermitage,173
Carbone Nissan,173
Lilliston Ford,345
Volvo Huntington,344
Honda of Toms River,172
802 Honda,344
BMW of Reading,344
Garber Honda,172
Rosenthal Chevrolet,172
Tunkhannock Auto Mart,172
Planet Honda,344
Lucas Ford Lincoln,342
Deluxe Auto Sales of Linden,171
Diver Chevrolet,342
Reynolds Subaru,171
Executive Chevrolet,171
Port City Nissan,171
Len Stoler Ford,171
Saint J Subaru,171
Ourisman Volkswagen of Laurel,340
Holman Cadillac,340
BMW of the Main Line,340
Nissan of Keene,340
Holmgren Subaru Inc,169
Lynch Toyota,169
Basil Volkswagen of Lockport,169
Prime Buick GMC,338
Meade Lexus of Southfield,338
Durand Chevrolet,169
AutoPROVED,338
Wiz Autos,169
Preston GM Superstore,169
Prime Ford - Saco,169
North End Motors,169
BMW of Catonsville,336
Kelly Volkswagen,168
Mirak Chevrolet,168
Eriks Chevrolet,168
Open Road Subaru,336
Acura of Wappingers Falls,335
Napleton's Schaumburg Subaru,334
Koch Bethlehem Ford,334
Hertrich Acura,334
Mercedes-Benz of Hanover,333
Montgomeryville Acura,332
Mercedes-Benz of Lancaster,332
Mercedes-Benz of Shrewsbury,332
Day Apollo Volkswagen,332
Taj Auto Mall,332
Quality Auto Center of Springfield,165
Lakeside Chevrolet,330
Henderson Ford,330
Somersworth Hyundai,329
Grossman Chevrolet Nissan,329
Classic Mazda,329
CARite of Windsor Locks,329
Auto Outlet of Canandaigua,328
AutoOne,328
Patrick Subaru,328
Lexus of Highland Park,328
Thompson Lexus Willow Grove,327
Cherry Hill Nissan,327
Mike Barney Nissan,327
Orange County BMW,163
Koeppel Subaru,327
Alan Byer Volvo,327
Benson Lincoln,163
Stateline Nissan,162
Country Chevrolet,324
Where Luxury Meets,162
D'ELLA Honda of Glens Falls,162
Evans Motorworks,162
Audi Meadowlands,162
Dunning Motor Sales Chevrolet,162
Germain Honda of Ann Arbor,162
Bonnell Ford,323
Toyota of Terre Haute,161
Southworth Ford Lincoln,161
Pratts Cars,161
Fafama Auto Sales Inc,322
CarVision Philadelphia  ,320
Boardwalk Honda,320
Heritage Toyota,160
Bob Rohrman Honda,320
Summit Ford Lincoln,160
Langway Toyota Nissan of Newport,160
BMW Of Freehold,160
Baystate Ford,319
Thompson Lexus Doylestown,159
BMW of Devon,159
Audi of Mendham,318
East Hills Subaru,318
Eagle Auto Mall,318
Hondru Ford Chevrolet of Manheim,318
KIA of West Nyack,318
Northtown Kia,159
Blaise Alexander Subaru,318
Mike Kelly Automotive,159
Johnson Motors Chevrolet Cadillac,159
BMW of Schererville,159
Aubrey Alexander Toyota,318
Keenan Honda,316
DARCARS Nissan of College Park,158
Tom Henry Chevrolet,158
Feduke Ford Lincoln,316
Rick Case Honda Euclid,316
Ray Laks Acura of Buffalo,158
Milford Subaru,316
Lexington Park Ford Lincoln,316
Classic Madison,158
Central Cadillac,158
Atlantic Volkswagen,158
Riverside Nissan,158
Hoffman Honda,158
Herb Gordon Nissan,158
Gray Chevrolet,315
Sutliff Volkswagen,157
BMW of Roxbury,314
Lebanon Ford,314
Jim Shorkey Kia,157
Infiniti of West Chester,157
Antwerpen Volkswagen,157
Fox Honda,312
Bob Johnson Chevrolet,312
Williams Auto World,312
Rich Morton Mazda,156
Colonial West Chevrolet,312
Star Auto Mall,312
Empire Toyota,311
Alfano's Torrington Hyundai,310
Bolles Motors Incorporated,310
Kenosha Nissan,155
County Line,309
Porsche Delaware,309
Windsor Nissan,308
Bristol Auto Mall,307
Toyota of Merrillville,307
Brewster Ford Incorporated,307
Heritage Ford,153
Vanderstyne Toyota,153
Genesis Cadillac,153
Holman INFINITI,306
Terre Haute Chevrolet,153
Heritage Chevrolet,152
Precision Acura of Princeton,304
Cole Ford Lincoln,304
Faulkner BMW,304
Gurnee Hyundai,152
Toyota of Batavia,304
Toyota of Lincolnwood,152
Wallingford Auto Park,304
Jaguar Land Rover Manhattan,152
Crowley Nissan,151
Land Rover Monmouth,302
Crown Acura,302
Lev Kia of Framingham,302
Lux Cars Chicago,302
Volkswagen of Norwood,302
Troy Alan Chevrolet,302
Jaguar Land Rover White Plains,151
Country Hyundai,151
Prestige Motor Sales,151
Mercedes-Benz of Huntington,301
112 Auto Plaza,300
Prime Mazda - Norwood,150
Werner Mazda,150
Colonial Chevrolet,300
Cascade Auto Group,300
Subaru of Keene,300
Abeloff Nissan,299
Stanley Subaru,299
Lia Hyundai,298
Riverhead Bay Motors,298
Jaguar Land Rover of South Shore,298
YALCARS,298
Butler Auto Sales Incorporated,298
Charlie's Toyota,149
Lexus of Manhattan,149
Colonial South Chevrolet,149
Bennington Subaru,296
Balise Nissan of Warwick,296
Patrick Volkswagen,296
Yark Nissan,296
Capitaland Subaru,296
Elgin Volkswagen,296
Hawkins Chevrolet,296
Unlimited Auto Sales,148
Keller Bros Ford Lititz,147
Chevrolet of Allentown,294
Mercedes Benz of Atlantic City,294
Mercedes-Benz of Cherry Hill,147
Reydel Volkswagen,292
Sheehy Nissan of Waldorf,292
Cantin Chevrolet,292
Balise Volkswagen,292
BMW of Darien,292
CARite of Madison Heights,291
Wellesley Mazda,290
Hoffman Ford,145
Ira Subaru,145
Haddad Toyota,290
Sheehy Ford of Marlow Heights,290
Dutchess Kia,290
Basney Mazda,290
Charlie's Subaru,145
Gervais Ford,289
Dotta Auto Sales,288
Jaguar Land Rover of Naperville,144
Hertz Car Sales Hartford,144
Bill McCandless Ford,288
Smith Motor Company,144
Les Stanford Cadillac,144
Tasca Chevrolet,288
Crossroads Ford,288
North Penn Mazda,288
David Hoffman Auto Mall,288
Bertera Subaru of Hartford,288
Sands Ford of Red Hill,288
Johnson Ford Lincoln,286
Country Club Nissan,286
Toyota of Braintree,286
Keyser Miller Ford,286
Hornbeck Chevrolet,285
Premier Kia,284
Saccucci Honda,142
Cawood Honda,142
Prime Chevrolet,142
Volkswagen of Kingston,283
Gilboy Ford,282
Star Auto Mall 512,282
Classic Cadillac,141
Morong Falmouth,282
Willis Chevrolet Buick,282
Bay Ridge Toyota,282
Seacoast Chevrolet,281
Compass Motors,280
West German BMW,280
Abeloff Buick GMC,280
Ciocca Ford Souderton,280
Court Street Ford,280
Art Moehn Chevrolet,280
Mercedes-Benz of Hunt Valley,140
Westborn Chrysler Dodge Jeep Ram,280
Ray Catena of Freehold,140
Sentry West Lincoln Mazda,139
Sea Breeze Ford,139
Pepe Cadillac,139
BidCars Boston,278
Toyota of Keene,278
Lexus of Towson,139
Curry Honda Yorktown,278
Rochester Ford,139
Land Rover North Haven,278
Coastal Nissan,277
Open Road Mercedes-Benz,276
Champion Ford Edinboro,138
Crestmont Hyundai,276
Passport INFINITI of Alexandria,276
Paul Miller Porsche,276
Illini Nissan,276
802 Toyota,276
Highline Motor Cars,276
Romano Mazda,276
Autofair Subaru,274
Mercedes-Benz of Owings Mills,274
Premier Cape Cod,273
Ciocca Volkswagen,273
Paul Brown Motors,272
Cooper Motors Lincoln,272
Glick GMC Hyundai,272
Coastal Volkswagen,272
Columbiana Buick Cadillac Chevrolet,272
Patriot Pre-Owned Autos,271
Colonial Auto Sales,271
Independence Honda,271
Porsche Gold Coast,135
Darling's Chevrolet,135
Ide Volkswagen,269
Island Auto Mall,268
City Volkswagen of Chicago,268
Ira Jack Chevrolet Cadillac,134
Shults Nissan,134
Choice Auto Sales,268
Fast Track Motors,268
112 Chevrolet,268
Sunshine Toyota,268
Lion Country Kia,268
Bournival Jeep,267
Smith Motor Sales,267
Honda Village,267
Crestmont Cadillac,267
Mini Of Burlington,265
Quirk Preowned,265
Square One Auto,264
Grand Prix Subaru,264
Handy Chevrolet,264
Lee Credit Now Hammond Street,264
Garnet Volkswagen,264
International Autos Orland Park,264
Supreme Auto Group,264
Autohaus on Edens,263
Mercedes-Benz of Natick,263
Blasius South,131
Tom Hesser Nissan,263
Mercedes-Benz of Springfield,262
Honda Of Keene,131
Napleton Westmont Porsche,131
Napleton's Palatine Mazda,131
Jack Winegardner Chevrolet,130
Dunning Ford,260
Sterling Motorcar,260
Patrick Mazda,260
BMW of Towson,130
Bill Cram Chevrolet,130
Audi Peabody,130
Chenoweth Ford,130
Bill Jacobs BMW,260
Volvo Volkswagen of Lebanon,259
Evanston Subaru,258
DELLA Honda of Plattsburgh,258
Milnes Chevrolet,129
Rutland Subaru,258
Superior Auto Sales,129
Odaniel Mazda,258
Belknap Subaru,258
Auto Factory,256
Nationwide Motors,256
CarTopia,128
Sierra Motor Mall,128
Tom Roush Mazda,256
Upper Marlboro Ford,128
Brewster Subaru,256
McGuire Chevrolet Cadillac,256
Audi Brooklyn,256
Classic Mazda Westside,255
Venture Motorcars,254
Sendell Volkswagen,254
Dartmouth Nissan,254
North Reading Subaru,254
Sawyer Chevrolet,254
Serra Auto Campus,254
Rochester Toyota,126
Audi Lancaster,126
Annapolis Subaru,252
Volkswagen of Salem County,252
Chapman Nissan,252
Westbury FIAT,252
Liberty Mazda,252
Del Chevrolet,126
York Chevrolet Buick,252
New Country BMW,252
Basil Ford,252
Classic Kia,250
Granite Subaru,250
Global Auto Outlet,250
Prestige Imports Subaru,250
Central Avenue Hyundai,250
Napleton Nissan,250
Classic Volkswagen,250
Apple Ford,125
Matt Burne Honda,124
Princeton BMW,124
Castle Honda,248
McGuire Cadillac,124
Ford of Branford,248
Reineke Honda,248
Land Rover Alexandria,248
BMW of West Springfield,248
Murray Chevrolet,248
Landover IAD Auto,248
Mastria Subaru,248
Turnpike Chevrolet,124
Hoffman Toyota,124
New Country Mercedes-Benz,124
World Volkswagen of Neptune,124
New Rochelle Chevrolet,246
Nissan 422 of Limerick,123
Land Rover Sudbury,246
Audi Wynnewood,246
Toyota of Danville,123
Douglas Infiniti,246
Applegate Chevrolet,246
North Shore Mazda,246
Fuccillo Imports,246
Toyota of Lincoln Park,123
Healey Chevrolet,244
Kia of Lansing,122
White River Subaru,122
Cherry Hill Volvo,122
Len Stoler Chevrolet,244
CARite of Chesterfield,244
Brown's Alexandria Mazda,244
York Volkswagen Incorporated,242
Davidson Ford,242
Toyota Universe,242
Del Real Auto Sales,242
Wareham Ford,241
Carbone Chevrolet,120
Tom Masano Mercedes-Benz,120
Lexus of Merrillville,120
Audi Stratham,120
Sheehy Lexus of Annapolis,240
Long Subaru,240
Nutley Kia,240
Classic Lexus,240
Ira Lexus Danvers,240
Teddy Volkswagen,238
Lexus of Bridgewater,238
Williams Ford,238
Continental Nissan,238
Otto Cadillac,238
Rohrich Toyota,237
Lexus of Queens,237
Delaware Public Auto Auction,237
Route 46 Mitsubishi,237
Miller Brothers Chevrolet,237
Gurley Leep Honda,236
Philly Auto,236
Northeast Ford,236
Ed Shults Chevrolet,118
Community Chevrolet Incorporated,236
Joe Johnson Chevrolet,236
Lexus of Warwick,236
Bob Maxey Lincoln,234
BMW Middleburg Heights,234
Ron Bouchard's Kia,117
Taylor Kia of Boardman,234
Majestic Honda,234
Howell Motors Ford,233
New Country Lexus of Latham,233
Car Connection Superstore,233
Dick Wickstrom Chevrolet,116
Solomon Ford,232
Minuteman Volkswagen,232
Executive Volkswagen of North Haven,232
Van Campen Motors,115
Wall's Ford,230
Infiniti of Ardmore,230
LeBrun Toyota,230
Freehold Dodge,230
Mercedes-Benz of Willoughby,230
Jaguar Land Rover Southampton,230
Kent County Motor Sales,230
Motorcars of Lansing,229
Rentschler Chevrolet,114
BMW of the Hudson Valley,228
Hartway Motors Chevrolet,114
Paul Miller Audi,228
Farnsworth Chevrolet,228
Chuck Nicholson GMC Mazda,227
Middletown Ford,227
Medford Ford,227
Shepherd's Chevrolet,227
Aldermans Toyota,227
Coda Motors LLC,227
Gateway Subaru,112
Hoffman Lexus,112
Certified Luxury Motors VS,224
Carbiz,224
John Tapper Automotive,112
Subaru of Wyoming Valley,224
Stateline Subaru,112
New Country Lexus of Westport,224
Grove City Ford,223
Lexington Toyota,222
Colonial Mazda,222
Ciocca Chevrolet,221
Auto First,221
White River Toyota,221
BMW of Newport,220
MB Motorsports,220
Napleton's Auto Park Urbana,220
Ferrari Maserati of Long Island,220
Silver Star Motors,220
Armen Cadillac,220
Merrimack Street Volvo,220
Garden City Mazda,220
DELLA Toyota,219
Honda City,219
Shenango Honda,218
Ford of Northampton,218
Classic Audi,218
Carter Chevrolet,218
Phoenix Truxx,109
Delong Ford,218
BMW of Westchester,217
Vachon Chevrolet,216
Huggard & Ewing,216
New England Auto World,108
Illinois Auto Sales,216
MINI of Peabody,108
Honda Universe,216
Mann Chevrolet Incorporated,215
Paddock Chevrolet,214
Midway Autohaus,214
Toyota & Ford of Greenfield,214
Tri State Ford,107
BMW of Rochester Hills,214
Elkins Chevrolet,214
Gengras Volvo,214
Shore Toyota Inc,214
Sands Ford of Pottsville,214
Scott Volkswagen,106
Dick Scott Motormall,106
BMW of Stratham,106
Steve Lewis Subaru,212
Murrays Honda,106
A & T Subaru,106
