torque,count
"383 lb-ft @ 4,100 RPM",17850
148 lb-ft @ 200 RPM,14835
"175 lb-ft @ 4,400 RPM",12936
"400 lb-ft @ 4,500 RPM",12685
"410 lb-ft @ 3,950 RPM",11784
"132 lb-ft @ 4,500 RPM",10741
"203 lb-ft @ 2,000 RPM",10351
"179 lb-ft @ 2,000 RPM",10132
"390 lb-ft @ 4,250 RPM",9097
"260 lb-ft @ 4,800 RPM",9020
"262 lb-ft @ 4,700 RPM",8867
"275 lb-ft @ 3,000 RPM",8509
"175 lb-ft @ 3,900 RPM",8012
"176 lb-ft @ 4,400 RPM",7961
"175 lb-ft @ 4,000 RPM",7650
"178 lb-ft @ 4,000 RPM",7555
"263 lb-ft @ 4,700 RPM",7305
"260 lb-ft @ 4,400 RPM",7260
"258 lb-ft @ 1,500 RPM",6832
"185 lb-ft @ 4,320 RPM",6093
"138 lb-ft @ 4,200 RPM",5671
"186 lb-ft @ 4,000 RPM",5587
"271 lb-ft @ 4,900 RPM",5503
"295 lb-ft @ 3,000 RPM",5428
"239 lb-ft @ 4,400 RPM",5329
"266 lb-ft @ 2,800 RPM",5255
"267 lb-ft @ 4,700 RPM",5057
"184 lb-ft @ 2,500 RPM",4844
"127 lb-ft @ 4,300 RPM",4723
"172 lb-ft @ 4,100 RPM",4658
"149 lb-ft @ 4,450 RPM",4264
"240 lb-ft @ 4,400 RPM",4230
"145 lb-ft @ 4,200 RPM",4149
"273 lb-ft @ 1,600 RPM",4055
"280 lb-ft @ 3,000 RPM",3971
"192 lb-ft @ 1,500 RPM",3779
"260 lb-ft @ 4,000 RPM",3760
"260 lb-ft @ 2,000 RPM",3646
"262 lb-ft @ 4,000 RPM",3596
"255 lb-ft @ 4,000 RPM",3558
"128 lb-ft @ 4,400 RPM",3532
"195 lb-ft @ 1,500 RPM",3515
"180 lb-ft @ 3,600 RPM",3485
"460 lb-ft @ 1,500 RPM",3336
"174 lb-ft @ 4,000 RPM",3299
"174 lb-ft @ 4,100 RPM",3223
"174 lb-ft @ 1,500 RPM",3191
"181 lb-ft @ 3,900 RPM",3176
"460 lb-ft @ 4,100 RPM",3125
"273 lb-ft @ 1,300 RPM",3046
"221 lb-ft @ 1,600 RPM",3037
"165 lb-ft @ 4,400 RPM",3016
"258 lb-ft @ 1,450 RPM",3004
"147 lb-ft @ 4,400 RPM",2879
"272 lb-ft @ 4,800 RPM",2816
"150 lb-ft @ 4,700 RPM",2796
"369 lb-ft @ 2,000 RPM",2652
"266 lb-ft @ 3,400 RPM",2571
"162 lb-ft @ 1,700 RPM",2554
"184 lb-ft @ 1,400 RPM",2527
"295 lb-ft @ 2,200 RPM",2465
"248 lb-ft @ 4,700 RPM",2449
"850 lb-ft @ 1,700 RPM",2422
"270 lb-ft @ 1,750 RPM",2349
"258 lb-ft @ 1,800 RPM",2280
"151 lb-ft @ 4,000 RPM",2193
"270 lb-ft @ 5,000 RPM",2192
"470 lb-ft @ 3,500 RPM",2145
"145 lb-ft @ 4,000 RPM",2122
"265 lb-ft @ 4,600 RPM",2066
"400 lb-ft @ 2,500 RPM",2066
"172 lb-ft @ 4,900 RPM",2040
"170 lb-ft @ 4,100 RPM",2012
"270 lb-ft @ 4,800 RPM",2006
"273 lb-ft @ 1,800 RPM",2003
"270 lb-ft @ 3,400 RPM",1974
"400 lb-ft @ 3,850 RPM",1964
"259 lb-ft @ 4,800 RPM",1884
"442 lb-ft @ 1,400 RPM",1879
"210 lb-ft @ 1,750 RPM",1848
"114 lb-ft @ 4,000 RPM",1841
"146 lb-ft @ 4,450 RPM",1829
"180 lb-ft @ 4,000 RPM",1781
"261 lb-ft @ 4,400 RPM",1766
"270 lb-ft @ 3,000 RPM",1757
"264 lb-ft @ 5,300 RPM",1691
"250 lb-ft @ 4,000 RPM",1684
"146 lb-ft @ 4,400 RPM",1671
"258 lb-ft @ 1,250 RPM",1641
"280 lb-ft @ 1,600 RPM",1617
"430 lb-ft @ 3,800 RPM",1605
"184 lb-ft @ 1,500 RPM",1575
"470 lb-ft @ 2,500 RPM",1537
"260 lb-ft @ 1,450 RPM",1531
"207 lb-ft @ 1,700 RPM",1526
"470 lb-ft @ 2,250 RPM",1467
"181 lb-ft @ 4,000 RPM",1462
"125 lb-ft @ 3,600 RPM",1431
"278 lb-ft @ 4,400 RPM",1399
"185 lb-ft @ 4,000 RPM",1384
"401 lb-ft @ 3,600 RPM",1364
"113 lb-ft @ 4,600 RPM",1362
"271 lb-ft @ 5,000 RPM",1340
"184 lb-ft @ 1,600 RPM",1333
"273 lb-ft @ 3,500 RPM",1316
"148 lb-ft @ 1,850 RPM",1274
"295 lb-ft @ 1,450 RPM",1261
"306 lb-ft @ 2,000 RPM",1258
"252 lb-ft @ 5,200 RPM",1256
"417 lb-ft @ 4,300 RPM",1255
"182 lb-ft @ 4,400 RPM",1240
"295 lb-ft @ 1,600 RPM",1229
"464 lb-ft @ 4,000 RPM",1219
"128 lb-ft @ 4,300 RPM",1217
"178 lb-ft @ 3,600 RPM",1209
"369 lb-ft @ 1,370 RPM",1169
"373 lb-ft @ 4,200 RPM",1152
"252 lb-ft @ 4,900 RPM",1128
"236 lb-ft @ 1,750 RPM",1112
"325 lb-ft @ 1,400 RPM",1091
"277 lb-ft @ 2,000 RPM",1088
"185 lb-ft @ 5,700 RPM",1079
"223 lb-ft @ 4,300 RPM",1066
"74 lb-ft @ 4,000 RPM",1058
"180 lb-ft @ 3,900 RPM",1054
"235 lb-ft @ 4,000 RPM",1049
"125 lb-ft @ 3,500 RPM",1027
"325 lb-ft @ 2,900 RPM",993
"113 lb-ft @ 4,500 RPM",969
"163 lb-ft @ 4,400 RPM",964
"320 lb-ft @ 2,500 RPM",958
"107 lb-ft @ 4,400 RPM",954
"281 lb-ft @ 4,000 RPM",953
"254 lb-ft @ 4,000 RPM",944
"250 lb-ft @ 4,800 RPM",941
"269 lb-ft @ 1,200 RPM",929
"332 lb-ft @ 3,500 RPM",927
"162 lb-ft @ 4,200 RPM",919
"269 lb-ft @ 1,400 RPM",917
"182 lb-ft @ 3,900 RPM",901
"162 lb-ft @ 2,500 RPM",889
"139 lb-ft @ 3,900 RPM",877
"182 lb-ft @ 4,500 RPM",875
"267 lb-ft @ 4,500 RPM",868
"380 lb-ft @ 3,250 RPM",864
"413 lb-ft @ 4,000 RPM",855
"253 lb-ft @ 4,800 RPM",847
"177 lb-ft @ 4,000 RPM",846
"248 lb-ft @ 5,200 RPM",839
"264 lb-ft @ 4,800 RPM",838
"170 lb-ft @ 4,400 RPM",813
"380 lb-ft @ 2,750 RPM",794
"765 lb-ft @ 1,600 RPM",793
"420 lb-ft @ 4,600 RPM",788
"268 lb-ft @ 4,800 RPM",783
"273 lb-ft @ 1,500 RPM",783
"258 lb-ft @ 2,000 RPM",769
"300 lb-ft @ 1,200 RPM",769
"373 lb-ft @ 4,400 RPM",762
"150 lb-ft @ 4,000 RPM",761
"331 lb-ft @ 1,500 RPM",754
"258 lb-ft @ 4,000 RPM",753
"394 lb-ft @ 4,000 RPM",751
"206 lb-ft @ 1,700 RPM",750
"181 lb-ft @ 4,250 RPM",746
"207 lb-ft @ 1,250 RPM",737
"300 lb-ft @ 1,300 RPM",733
"114 lb-ft @ 4,600 RPM",727
"335 lb-ft @ 4,000 RPM",720
"245 lb-ft @ 4,700 RPM",716
"350 lb-ft @ 1,500 RPM",696
"258 lb-ft @ 1,600 RPM",686
"174 lb-ft @ 1,600 RPM",677
"174 lb-ft @ 3,800 RPM",668
"434 lb-ft @ 4,500 RPM",657
"284 lb-ft @ 5,300 RPM",636
"275 lb-ft @ 4,000 RPM",627
"475 lb-ft @ 4,100 RPM",621
"350 lb-ft @ 3,200 RPM",615
"310 lb-ft @ 2,000 RPM",609
"184 lb-ft @ 4,250 RPM",603
"177 lb-ft @ 4,250 RPM",602
"118 lb-ft @ 4,850 RPM",588
"258 lb-ft @ 1,700 RPM",584
"510 lb-ft @ 3,000 RPM",578
"375 lb-ft @ 3,000 RPM",574
"329 lb-ft @ 3,500 RPM",573
"191 lb-ft @ 4,400 RPM",570
"380 lb-ft @ 3,500 RPM",570
"410 lb-ft @ 4,300 RPM",570
"369 lb-ft @ 1,500 RPM",570
"170 lb-ft @ 4,000 RPM",561
"266 lb-ft @ 4,000 RPM",558
"130 lb-ft @ 4,700 RPM",553
"300 lb-ft @ 2,000 RPM",552
"148 lb-ft @ 5,000 RPM",548
"166 lb-ft @ 4,000 RPM",547
"420 lb-ft @ 2,500 RPM",545
"146 lb-ft @ 2,800 RPM",542
"148 lb-ft @ 2,500 RPM",542
"161 lb-ft @ 4,400 RPM",542
"262 lb-ft @ 5,200 RPM",541
"112 lb-ft @ 5,000 RPM",530
"236 lb-ft @ 2,000 RPM",523
"935 lb-ft @ 1,800 RPM",522
"199 lb-ft @ 1,600 RPM",520
"280 lb-ft @ 4,000 RPM",518
"171 lb-ft @ 4,800 RPM",518
"332 lb-ft @ 1,380 RPM",513
"200 lb-ft @ 1,250 RPM",511
"407 lb-ft @ 3,950 RPM",508
"184 lb-ft @ 5,000 RPM",505
"253 lb-ft @ 4,000 RPM",504
"461 lb-ft @ 2,500 RPM",500
"172 lb-ft @ 4,000 RPM",494
"262 lb-ft @ 4,250 RPM",482
"405 lb-ft @ 2,400 RPM",482
"250 lb-ft @ 1,750 RPM",480
"200 lb-ft @ 2,750 RPM",478
"161 lb-ft @ 4,300 RPM",472
"247 lb-ft @ 4,400 RPM",471
"129 lb-ft @ 4,300 RPM",471
"365 lb-ft @ 3,750 RPM",469
"112 lb-ft @ 4,500 RPM",468
"516 lb-ft @ 1,800 RPM",467
"350 lb-ft @ 2,500 RPM",465
"222 lb-ft @ 5,100 RPM",462
"167 lb-ft @ 4,100 RPM",460
"170 lb-ft @ 4,500 RPM",456
"103 lb-ft @ 4,000 RPM",453
"161 lb-ft @ 4,200 RPM",450
"252 lb-ft @ 5,300 RPM",449
"455 lb-ft @ 4,400 RPM",448
"162 lb-ft @ 4,000 RPM",443
"177 lb-ft @ 1,600 RPM",438
"480 lb-ft @ 2,000 RPM",435
"207 lb-ft @ 1,350 RPM",435
"350 lb-ft @ 3,500 RPM",431
"332 lb-ft @ 4,500 RPM",428
"660 lb-ft @ 1,400 RPM",421
"258 lb-ft @ 2,400 RPM",421
"168 lb-ft @ 4,000 RPM",417
"384 lb-ft @ 1,800 RPM",415
"516 lb-ft @ 2,000 RPM",414
"125 lb-ft @ 3,800 RPM",413
"248 lb-ft @ 4,400 RPM",413
"407 lb-ft @ 4,000 RPM",412
"265 lb-ft @ 2,400 RPM",398
"249 lb-ft @ 4,500 RPM",394
"123 lb-ft @ 4,850 RPM",392
"171 lb-ft @ 4,900 RPM",389
"255 lb-ft @ 1,450 RPM",385
"800 lb-ft @ 1,600 RPM",384
"186 lb-ft @ 5,000 RPM",379
"139 lb-ft @ 4,800 RPM",374
"260 lb-ft @ 2,500 RPM",368
"221 lb-ft @ 1,250 RPM",365
"161 lb-ft @ 4,000 RPM",362
"162 lb-ft @ 1,250 RPM",358
"254 lb-ft @ 5,000 RPM",356
"369 lb-ft @ 1,800 RPM",355
"295 lb-ft @ 1,500 RPM",350
"406 lb-ft @ 1,750 RPM",349
"394 lb-ft @ 4,200 RPM",348
"269 lb-ft @ 5,200 RPM",347
"250 lb-ft @ 4,500 RPM",347
"400 lb-ft @ 2,750 RPM",340
"267 lb-ft @ 5,200 RPM",334
"200 lb-ft @ 1,750 RPM",334
"395 lb-ft @ 4,200 RPM",332
"406 lb-ft @ 2,000 RPM",332
"207 lb-ft @ 1,800 RPM",332
"240 lb-ft @ 4,500 RPM",327
"230 lb-ft @ 4,000 RPM",323
"162 lb-ft @ 4,400 RPM",323
"330 lb-ft @ 1,380 RPM",320
"165 lb-ft @ 4,000 RPM",317
"860 lb-ft @ 1,600 RPM",317
"468 lb-ft @ 3,900 RPM",309
"119 lb-ft @ 4,850 RPM",309
"258 lb-ft @ 1,950 RPM",309
"380 lb-ft @ 4,250 RPM",309
"136 lb-ft @ 4,250 RPM",305
"369 lb-ft @ 1,600 RPM",304
"262 lb-ft @ 5,300 RPM",303
"300 lb-ft @ 1,400 RPM",301
"480 lb-ft @ 2,250 RPM",297
"246 lb-ft @ 4,700 RPM",296
"237 lb-ft @ 4,000 RPM",294
"154 lb-ft @ 4,700 RPM",294
"660 lb-ft @ 1,600 RPM",294
"420 lb-ft @ 2,000 RPM",292
"248 lb-ft @ 5,000 RPM",291
"553 lb-ft @ 1,800 RPM",290
"185 lb-ft @ 3,250 RPM",289
"385 lb-ft @ 3,400 RPM",287
"390 lb-ft @ 3,500 RPM",283
"375 lb-ft @ 4,300 RPM",280
"258 lb-ft @ 1,200 RPM",280
"384 lb-ft @ 2,500 RPM",274
"169 lb-ft @ 3,750 RPM",270
"186 lb-ft @ 4,250 RPM",270
"270 lb-ft @ 4,250 RPM",269
"141 lb-ft @ 5,000 RPM",268
"268 lb-ft @ 5,200 RPM",266
"391 lb-ft @ 2,800 RPM",264
"262 lb-ft @ 5,000 RPM",262
"236 lb-ft @ 1,500 RPM",262
"290 lb-ft @ 4,000 RPM",262
"280 lb-ft @ 4,800 RPM",261
"457 lb-ft @ 3,250 RPM",260
"277 lb-ft @ 4,800 RPM",259
"269 lb-ft @ 5,000 RPM",258
"147 lb-ft @ 4,800 RPM",258
"360 lb-ft @ 4,000 RPM",258
"240 lb-ft @ 4,000 RPM",257
"472 lb-ft @ 2,200 RPM",256
"270 lb-ft @ 5,200 RPM",255
"251 lb-ft @ 3,200 RPM",250
"354 lb-ft @ 1,600 RPM",248
"400 lb-ft @ 4,250 RPM",245
"254 lb-ft @ 3,700 RPM",241
"380 lb-ft @ 4,200 RPM",240
"266 lb-ft @ 1,800 RPM",240
"350 lb-ft @ 3,000 RPM",239
"106 lb-ft @ 4,800 RPM",238
"148 lb-ft @ 4,600 RPM",238
"365 lb-ft @ 3,600 RPM",236
"270 lb-ft @ 4,500 RPM",235
"192 lb-ft @ 2,100 RPM",234
"185 lb-ft @ 4,800 RPM",232
"293 lb-ft @ 5,000 RPM",227
"335 lb-ft @ 4,400 RPM",227
"278 lb-ft @ 4,800 RPM",220
"800 lb-ft @ 1,800 RPM",218
"136 lb-ft @ 4,600 RPM",218
"251 lb-ft @ 1,250 RPM",218
"214 lb-ft @ 4,000 RPM",214
"160 lb-ft @ 4,000 RPM",213
"295 lb-ft @ 2,100 RPM",210
"177 lb-ft @ 2,000 RPM",210
"98 lb-ft @ 4,000 RPM",209
"369 lb-ft @ 4,500 RPM",205
"338 lb-ft @ 4,400 RPM",205
"275 lb-ft @ 3,600 RPM",203
"122 lb-ft @ 4,200 RPM",200
"264 lb-ft @ 5,200 RPM",200
"221 lb-ft @ 2,700 RPM",199
"125 lb-ft @ 4,000 RPM",198
"295 lb-ft @ 2,250 RPM",196
"127 lb-ft @ 4,800 RPM",194
"406 lb-ft @ 1,850 RPM",192
"251 lb-ft @ 5,000 RPM",188
"332 lb-ft @ 1,340 RPM",186
"160 lb-ft @ 4,500 RPM",186
"245 lb-ft @ 4,900 RPM",186
"350 lb-ft @ 1,600 RPM",184
"236 lb-ft @ 3,200 RPM",184
"420 lb-ft @ 3,250 RPM",183
"170 lb-ft @ 4,700 RPM",180
"254 lb-ft @ 4,700 RPM",178
"339 lb-ft @ 2,700 RPM",177
"180 lb-ft @ 3,800 RPM",177
"259 lb-ft @ 4,100 RPM",173
"238 lb-ft @ 3,000 RPM",172
"331 lb-ft @ 1,340 RPM",172
"257 lb-ft @ 4,700 RPM",171
"516 lb-ft @ 3,500 RPM",171
"129 lb-ft @ 4,000 RPM",170
"161 lb-ft @ 4,500 RPM",170
"269 lb-ft @ 4,500 RPM",169
"375 lb-ft @ 2,500 RPM",167
"305 lb-ft @ 2,750 RPM",166
"470 lb-ft @ 4,300 RPM",163
"205 lb-ft @ 4,000 RPM",160
"428 lb-ft @ 4,500 RPM",160
"210 lb-ft @ 2,200 RPM",158
"450 lb-ft @ 1,800 RPM",155
"260 lb-ft @ 4,500 RPM",154
"350 lb-ft @ 1,800 RPM",154
"148 lb-ft @ 4,100 RPM",153
"365 lb-ft @ 2,000 RPM",152
"248 lb-ft @ 4,500 RPM",151
"193 lb-ft @ 4,850 RPM",151
"126 lb-ft @ 4,000 RPM",151
"114 lb-ft @ 4,250 RPM",149
"210 lb-ft @ 3,800 RPM",146
"251 lb-ft @ 4,700 RPM",143
"330 lb-ft @ 4,000 RPM",142
"251 lb-ft @ 3,500 RPM",142
"406 lb-ft @ 1,500 RPM",141
"460 lb-ft @ 2,500 RPM",141
"280 lb-ft @ 4,250 RPM",141
"258 lb-ft @ 2,500 RPM",141
"220 lb-ft @ 4,400 RPM",139
"185 lb-ft @ 5,000 RPM",138
"242 lb-ft @ 3,600 RPM",138
"128 lb-ft @ 4,750 RPM",136
"285 lb-ft @ 5,300 RPM",136
"269 lb-ft @ 4,300 RPM",134
"223 lb-ft @ 5,700 RPM",134
"242 lb-ft @ 4,500 RPM",133
"184 lb-ft @ 2,550 RPM",133
"167 lb-ft @ 4,000 RPM",132
"269 lb-ft @ 1,350 RPM",130
"255 lb-ft @ 5,000 RPM",130
"235 lb-ft @ 3,200 RPM",129
"188 lb-ft @ 4,400 RPM",128
"375 lb-ft @ 4,200 RPM",127
"339 lb-ft @ 1,450 RPM",126
"442 lb-ft @ 1,600 RPM",126
"368 lb-ft @ 1,800 RPM",126
"125 lb-ft @ 2,500 RPM",125
"443 lb-ft @ 1,900 RPM",124
"375 lb-ft @ 3,500 RPM",124
"163 lb-ft @ 4,000 RPM",124
"384 lb-ft @ 2,000 RPM",124
"269 lb-ft @ 1,300 RPM",124
"103 lb-ft @ 4,200 RPM",123
"325 lb-ft @ 2,100 RPM",122
"83 lb-ft @ 4,200 RPM",122
"295 lb-ft @ 1,300 RPM",122
"275 lb-ft @ 5,000 RPM",122
"125 lb-ft @ 4,200 RPM",120
"630 lb-ft @ 3,000 RPM",119
"376 lb-ft @ 1,300 RPM",119
"650 lb-ft @ 3,600 RPM",119
"170 lb-ft @ 4,300 RPM",119
"232 lb-ft @ 4,000 RPM",118
"162 lb-ft @ 3,600 RPM",118
"650 lb-ft @ 1,500 RPM",118
"295 lb-ft @ 1,400 RPM",117
"137 lb-ft @ 4,600 RPM",117
"260 lb-ft @ 1,350 RPM",117
"170 lb-ft @ 3,750 RPM",117
"295 lb-ft @ 4,400 RPM",117
"327 lb-ft @ 3,400 RPM",117
"182 lb-ft @ 4,200 RPM",116
"128 lb-ft @ 4,200 RPM",116
"475 lb-ft @ 4,200 RPM",116
"216 lb-ft @ 4,000 RPM",115
"480 lb-ft @ 1,800 RPM",115
"315 lb-ft @ 4,000 RPM",114
"334 lb-ft @ 3,950 RPM",113
"400 lb-ft @ 4,400 RPM",112
"650 lb-ft @ 4,800 RPM",112
"136 lb-ft @ 4,500 RPM",111
"270 lb-ft @ 2,500 RPM",111
"150 lb-ft @ 4,900 RPM",111
"171 lb-ft @ 4,500 RPM",110
"214 lb-ft @ 5,600 RPM",110
"380 lb-ft @ 4,300 RPM",110
"340 lb-ft @ 4,200 RPM",110
"144 lb-ft @ 4,300 RPM",110
"223 lb-ft @ 5,100 RPM",109
"205 lb-ft @ 4,800 RPM",109
"627 lb-ft @ 2,500 RPM",109
"226 lb-ft @ 4,500 RPM",109
"369 lb-ft @ 3,100 RPM",109
"166 lb-ft @ 4,400 RPM",109
"269 lb-ft @ 3,000 RPM",108
"259 lb-ft @ 4,200 RPM",107
"387 lb-ft @ 3,400 RPM",107
"222 lb-ft @ 3,600 RPM",106
"525 lb-ft @ 1,600 RPM",106
"225 lb-ft @ 2,750 RPM",106
"516 lb-ft @ 1,750 RPM",105
"260 lb-ft @ 1,700 RPM",105
"242 lb-ft @ 4,600 RPM",104
"443 lb-ft @ 1,800 RPM",103
"300 lb-ft @ 4,000 RPM",103
"288 lb-ft @ 4,000 RPM",103
"225 lb-ft @ 2,800 RPM",102
"253 lb-ft @ 5,200 RPM",101
"368 lb-ft @ 1,600 RPM",100
"380 lb-ft @ 4,000 RPM",100
"320 lb-ft @ 4,000 RPM",100
"210 lb-ft @ 4,000 RPM",100
267 lb-ft @ 267 RPM,100
"325 lb-ft @ 4,000 RPM",98
"266 lb-ft @ 3,600 RPM",97
"250 lb-ft @ 2,800 RPM",96
"403 lb-ft @ 3,600 RPM",95
"255 lb-ft @ 5,200 RPM",95
"240 lb-ft @ 3,500 RPM",95
"221 lb-ft @ 3,200 RPM",95
"487 lb-ft @ 1,800 RPM",94
"479 lb-ft @ 1,800 RPM",94
"135 lb-ft @ 4,500 RPM",94
"553 lb-ft @ 2,200 RPM",93
"242 lb-ft @ 4,400 RPM",93
"295 lb-ft @ 3,200 RPM",93
"222 lb-ft @ 4,400 RPM",92
"460 lb-ft @ 1,600 RPM",92
"250 lb-ft @ 3,800 RPM",92
"240 lb-ft @ 3,600 RPM",91
"479 lb-ft @ 1,750 RPM",91
"429 lb-ft @ 4,000 RPM",91
"169 lb-ft @ 4,400 RPM",89
"253 lb-ft @ 3,500 RPM",89
"131 lb-ft @ 4,700 RPM",88
"110 lb-ft @ 4,500 RPM",88
"334 lb-ft @ 4,500 RPM",88
"320 lb-ft @ 4,500 RPM",88
"424 lb-ft @ 4,600 RPM",88
"152 lb-ft @ 4,200 RPM",87
"273 lb-ft @ 5,200 RPM",87
"195 lb-ft @ 1,750 RPM",87
"177 lb-ft @ 5,200 RPM",86
"260 lb-ft @ 1,400 RPM",86
"413 lb-ft @ 1,500 RPM",86
"369 lb-ft @ 1,520 RPM",85
"287 lb-ft @ 4,100 RPM",83
"247 lb-ft @ 4,300 RPM",82
"450 lb-ft @ 4,100 RPM",81
"280 lb-ft @ 1,750 RPM",81
"561 lb-ft @ 3,000 RPM",81
"405 lb-ft @ 1,800 RPM",81
"246 lb-ft @ 4,400 RPM",81
"750 lb-ft @ 2,000 RPM",80
"226 lb-ft @ 3,500 RPM",79
"125 lb-ft @ 4,400 RPM",79
"156 lb-ft @ 4,250 RPM",79
"650 lb-ft @ 4,000 RPM",79
"320 lb-ft @ 3,400 RPM",78
"502 lb-ft @ 1,500 RPM",77
"183 lb-ft @ 4,000 RPM",77
"272 lb-ft @ 2,000 RPM",77
"406 lb-ft @ 1,350 RPM",76
"322 lb-ft @ 4,000 RPM",76
"214 lb-ft @ 3,500 RPM",76
"278 lb-ft @ 3,700 RPM",76
"590 lb-ft @ 2,000 RPM",75
"221 lb-ft @ 2,500 RPM",75
"207 lb-ft @ 4,500 RPM",75
"295 lb-ft @ 1,700 RPM",73
"369 lb-ft @ 3,500 RPM",73
"266 lb-ft @ 2,500 RPM",73
"332 lb-ft @ 1,750 RPM",73
"225 lb-ft @ 4,000 RPM",73
"156 lb-ft @ 1,400 RPM",73
"155 lb-ft @ 4,000 RPM",72
"171 lb-ft @ 4,400 RPM",72
"227 lb-ft @ 3,800 RPM",72
"240 lb-ft @ 2,000 RPM",72
"315 lb-ft @ 3,400 RPM",72
"425 lb-ft @ 3,250 RPM",71
"215 lb-ft @ 4,000 RPM",71
"156 lb-ft @ 6,400 RPM",70
"245 lb-ft @ 4,000 RPM",69
"244 lb-ft @ 4,000 RPM",69
"277 lb-ft @ 4,000 RPM",67
"229 lb-ft @ 3,000 RPM",67
"257 lb-ft @ 4,500 RPM",67
"191 lb-ft @ 4,000 RPM",66
"305 lb-ft @ 3,600 RPM",66
"407 lb-ft @ 4,200 RPM",65
"186 lb-ft @ 4,400 RPM",65
"335 lb-ft @ 3,200 RPM",65
"114 lb-ft @ 4,800 RPM",65
"152 lb-ft @ 4,250 RPM",65
"258 lb-ft @ 4,400 RPM",64
"330 lb-ft @ 1,400 RPM",64
"167 lb-ft @ 4,500 RPM",64
"300 lb-ft @ 3,200 RPM",64
"148 lb-ft @ 4,500 RPM",63
"370 lb-ft @ 4,200 RPM",63
"339 lb-ft @ 3,500 RPM",63
"164 lb-ft @ 4,250 RPM",63
"280 lb-ft @ 5,400 RPM",63
"160 lb-ft @ 3,600 RPM",63
"265 lb-ft @ 4,200 RPM",63
"275 lb-ft @ 4,800 RPM",62
172 lb-ft @ 233 RPM,62
"234 lb-ft @ 3,200 RPM",61
"105 lb-ft @ 4,800 RPM",61
"561 lb-ft @ 1,750 RPM",61
"443 lb-ft @ 1,750 RPM",60
"243 lb-ft @ 3,000 RPM",59
"175 lb-ft @ 3,500 RPM",59
"106 lb-ft @ 4,500 RPM",59
"200 lb-ft @ 1,600 RPM",59
"369 lb-ft @ 1,650 RPM",59
"368 lb-ft @ 1,700 RPM",58
"347 lb-ft @ 4,100 RPM",58
"305 lb-ft @ 4,600 RPM",58
"502 lb-ft @ 3,500 RPM",58
"390 lb-ft @ 4,000 RPM",58
"664 lb-ft @ 2,250 RPM",58
"465 lb-ft @ 4,200 RPM",57
"133 lb-ft @ 4,500 RPM",57
"275 lb-ft @ 4,900 RPM",57
"285 lb-ft @ 4,000 RPM",57
"444 lb-ft @ 1,500 RPM",57
"300 lb-ft @ 3,950 RPM",57
"220 lb-ft @ 2,750 RPM",57
"405 lb-ft @ 1,750 RPM",56
"480 lb-ft @ 3,250 RPM",56
"420 lb-ft @ 4,800 RPM",56
"442 lb-ft @ 2,600 RPM",56
"244 lb-ft @ 4,400 RPM",55
"390 lb-ft @ 2,300 RPM",55
"561 lb-ft @ 2,000 RPM",55
"318 lb-ft @ 1,750 RPM",55
"295 lb-ft @ 2,150 RPM",54
"242 lb-ft @ 2,800 RPM",54
"273 lb-ft @ 5,000 RPM",54
"243 lb-ft @ 3,250 RPM",54
"502 lb-ft @ 2,500 RPM",54
"163 lb-ft @ 4,200 RPM",54
"295 lb-ft @ 2,500 RPM",54
"460 lb-ft @ 4,600 RPM",54
"282 lb-ft @ 4,000 RPM",53
"325 lb-ft @ 3,400 RPM",53
"251 lb-ft @ 4,400 RPM",52
"221 lb-ft @ 4,000 RPM",51
"309 lb-ft @ 1,900 RPM",51
"325 lb-ft @ 3,500 RPM",51
"109 lb-ft @ 4,250 RPM",51
"321 lb-ft @ 4,000 RPM",51
"479 lb-ft @ 1,500 RPM",51
"250 lb-ft @ 3,200 RPM",51
"323 lb-ft @ 3,400 RPM",50
"140 lb-ft @ 4,300 RPM",50
"460 lb-ft @ 2,000 RPM",49
"262 lb-ft @ 4,800 RPM",49
"352 lb-ft @ 1,360 RPM",49
"280 lb-ft @ 1,800 RPM",49
"220 lb-ft @ 4,000 RPM",49
"472 lb-ft @ 1,500 RPM",49
"325 lb-ft @ 5,600 RPM",49
"229 lb-ft @ 2,200 RPM",49
"122 lb-ft @ 2,600 RPM",48
"330 lb-ft @ 1,600 RPM",48
"625 lb-ft @ 5,000 RPM",48
"185 lb-ft @ 2,750 RPM",47
"310 lb-ft @ 1,450 RPM",47
"367 lb-ft @ 4,100 RPM",47
"185 lb-ft @ 3,950 RPM",47
"217 lb-ft @ 4,000 RPM",47
"516 lb-ft @ 1,000 RPM",47
"282 lb-ft @ 3,800 RPM",47
"650 lb-ft @ 1,400 RPM",47
"313 lb-ft @ 3,400 RPM",46
"425 lb-ft @ 1,750 RPM",46
"443 lb-ft @ 5,000 RPM",46
"245 lb-ft @ 4,500 RPM",46
"129 lb-ft @ 2,400 RPM",45
"375 lb-ft @ 4,000 RPM",45
"516 lb-ft @ 2,100 RPM",45
"656 lb-ft @ 4,800 RPM",45
"568 lb-ft @ 1,960 RPM",45
"295 lb-ft @ 3,600 RPM",45
"479 lb-ft @ 1,600 RPM",44
"568 lb-ft @ 5,500 RPM",44
"182 lb-ft @ 4,000 RPM",44
"190 lb-ft @ 4,000 RPM",44
"350 lb-ft @ 4,400 RPM",44
"190 lb-ft @ 4,850 RPM",44
"220 lb-ft @ 3,200 RPM",43
"105 lb-ft @ 4,000 RPM",43
"273 lb-ft @ 4,250 RPM",43
"280 lb-ft @ 1,900 RPM",43
"267 lb-ft @ 4,300 RPM",43
"401 lb-ft @ 4,400 RPM",42
"567 lb-ft @ 1,960 RPM",42
"291 lb-ft @ 5,100 RPM",42
"68 lb-ft @ 4,500 RPM",42
"140 lb-ft @ 5,000 RPM",42
"123 lb-ft @ 3,800 RPM",41
"242 lb-ft @ 4,900 RPM",41
"145 lb-ft @ 4,400 RPM",41
"480 lb-ft @ 4,500 RPM",41
"211 lb-ft @ 5,000 RPM",41
"383 lb-ft @ 5,000 RPM",41
"258 lb-ft @ 1,650 RPM",40
"202 lb-ft @ 4,200 RPM",40
"310 lb-ft @ 2,500 RPM",40
"465 lb-ft @ 5,500 RPM",40
"329 lb-ft @ 3,950 RPM",40
"340 lb-ft @ 3,600 RPM",39
"398 lb-ft @ 6,000 RPM",39
"161 lb-ft @ 3,500 RPM",39
"118 lb-ft @ 4,250 RPM",39
"331 lb-ft @ 1,700 RPM",39
"172 lb-ft @ 4,500 RPM",39
"291 lb-ft @ 4,000 RPM",39
"276 lb-ft @ 4,800 RPM",39
"707 lb-ft @ 4,500 RPM",39
"253 lb-ft @ 3,100 RPM",39
"341 lb-ft @ 4,700 RPM",38
"344 lb-ft @ 4,100 RPM",38
"538 lb-ft @ 2,500 RPM",38
"379 lb-ft @ 3,600 RPM",38
"360 lb-ft @ 3,400 RPM",38
"220 lb-ft @ 3,600 RPM",38
"212 lb-ft @ 5,000 RPM",38
"310 lb-ft @ 4,100 RPM",37
"140 lb-ft @ 3,500 RPM",37
"154 lb-ft @ 4,500 RPM",37
"237 lb-ft @ 3,200 RPM",37
"271 lb-ft @ 4,400 RPM",37
"295 lb-ft @ 3,900 RPM",37
"664 lb-ft @ 1,350 RPM",36
"252 lb-ft @ 4,400 RPM",36
"196 lb-ft @ 4,700 RPM",36
"450 lb-ft @ 1,750 RPM",36
"455 lb-ft @ 1,600 RPM",36
"157 lb-ft @ 4,000 RPM",36
"250 lb-ft @ 5,000 RPM",36
"487 lb-ft @ 1,700 RPM",36
"152 lb-ft @ 4,900 RPM",36
"664 lb-ft @ 2,750 RPM",36
"235 lb-ft @ 4,500 RPM",35
"470 lb-ft @ 4,800 RPM",35
"274 lb-ft @ 3,600 RPM",35
"107 lb-ft @ 4,500 RPM",35
"280 lb-ft @ 1,950 RPM",35
"516 lb-ft @ 1,700 RPM",35
"120 lb-ft @ 4,850 RPM",35
"284 lb-ft @ 4,000 RPM",35
"345 lb-ft @ 3,200 RPM",34
"248 lb-ft @ 2,100 RPM",34
"400 lb-ft @ 4,000 RPM",34
"209 lb-ft @ 4,400 RPM",34
"457 lb-ft @ 5,500 RPM",34
"166 lb-ft @ 1,950 RPM",34
"398 lb-ft @ 4,800 RPM",34
"225 lb-ft @ 3,000 RPM",34
"286 lb-ft @ 4,000 RPM",34
"215 lb-ft @ 3,750 RPM",34
"376 lb-ft @ 4,400 RPM",34
"226 lb-ft @ 2,800 RPM",33
"660 lb-ft @ 1,500 RPM",33
"150 lb-ft @ 4,500 RPM",33
"165 lb-ft @ 4,800 RPM",33
"295 lb-ft @ 4,600 RPM",33
"167 lb-ft @ 4,200 RPM",33
"219 lb-ft @ 4,200 RPM",33
"219 lb-ft @ 3,200 RPM",32
"151 lb-ft @ 6,600 RPM",32
"330 lb-ft @ 2,800 RPM",32
"167 lb-ft @ 4,400 RPM",32
"590 lb-ft @ 2,500 RPM",31
"272 lb-ft @ 4,000 RPM",31
"252 lb-ft @ 4,500 RPM",31
"221 lb-ft @ 3,300 RPM",31
"365 lb-ft @ 4,000 RPM",31
"233 lb-ft @ 5,000 RPM",31
"369 lb-ft @ 1,750 RPM",31
"162 lb-ft @ 5,000 RPM",31
"273 lb-ft @ 4,500 RPM",31
"174 lb-ft @ 4,400 RPM",31
"380 lb-ft @ 1,800 RPM",30
"325 lb-ft @ 2,400 RPM",30
"136 lb-ft @ 3,500 RPM",30
"266 lb-ft @ 2,750 RPM",30
"125 lb-ft @ 5,200 RPM",29
"278 lb-ft @ 5,100 RPM",29
"398 lb-ft @ 1,600 RPM",29
"406 lb-ft @ 1,400 RPM",29
"200 lb-ft @ 2,800 RPM",29
"428 lb-ft @ 1,750 RPM",29
"240 lb-ft @ 5,000 RPM",29
"173 lb-ft @ 4,100 RPM",29
"217 lb-ft @ 5,100 RPM",29
"389 lb-ft @ 5,600 RPM",28
"383 lb-ft @ 4,300 RPM",28
"295 lb-ft @ 3,750 RPM",28
"443 lb-ft @ 1,600 RPM",28
"322 lb-ft @ 1,750 RPM",28
"150 lb-ft @ 4,400 RPM",28
"346 lb-ft @ 4,000 RPM",28
260 lb-ft @ 323 RPM,28
"465 lb-ft @ 4,600 RPM",28
"150 lb-ft @ 4,200 RPM",27
"287 lb-ft @ 4,400 RPM",27
"516 lb-ft @ 4,500 RPM",27
"262 lb-ft @ 4,900 RPM",27
"295 lb-ft @ 1,550 RPM",27
"139 lb-ft @ 6,100 RPM",27
"142 lb-ft @ 4,000 RPM",27
"172 lb-ft @ 4,300 RPM",27
"195 lb-ft @ 4,000 RPM",27
"417 lb-ft @ 6,500 RPM",27
"368 lb-ft @ 1,520 RPM",27
"442 lb-ft @ 4,000 RPM",27
"164 lb-ft @ 4,500 RPM",27
"295 lb-ft @ 4,000 RPM",27
"105 lb-ft @ 4,200 RPM",26
"217 lb-ft @ 3,600 RPM",26
"323 lb-ft @ 4,400 RPM",26
"600 lb-ft @ 1,600 RPM",26
"236 lb-ft @ 1,450 RPM",26
"294 lb-ft @ 4,000 RPM",26
"393 lb-ft @ 3,400 RPM",26
"255 lb-ft @ 3,750 RPM",26
"151 lb-ft @ 4,800 RPM",25
"383 lb-ft @ 6,100 RPM",25
"610 lb-ft @ 1,400 RPM",25
"443 lb-ft @ 2,500 RPM",25
"391 lb-ft @ 6,500 RPM",25
"343 lb-ft @ 5,250 RPM",25
"184 lb-ft @ 4,200 RPM",25
"315 lb-ft @ 4,400 RPM",25
"170 lb-ft @ 2,500 RPM",25
"553 lb-ft @ 2,250 RPM",25
"255 lb-ft @ 4,400 RPM",25
"650 lb-ft @ 2,000 RPM",25
"325 lb-ft @ 4,250 RPM",24
"330 lb-ft @ 3,200 RPM",24
"470 lb-ft @ 4,200 RPM",24
"406 lb-ft @ 1,800 RPM",24
"302 lb-ft @ 4,000 RPM",24
"279 lb-ft @ 3,250 RPM",24
"516 lb-ft @ 1,500 RPM",24
"329 lb-ft @ 3,600 RPM",24
"330 lb-ft @ 3,950 RPM",24
"215 lb-ft @ 4,200 RPM",24
"314 lb-ft @ 3,400 RPM",24
"328 lb-ft @ 3,500 RPM",23
"350 lb-ft @ 3,400 RPM",23
"310 lb-ft @ 4,400 RPM",23
"258 lb-ft @ 4,600 RPM",23
"317 lb-ft @ 3,500 RPM",23
"240 lb-ft @ 4,800 RPM",23
"575 lb-ft @ 1,500 RPM",23
"401 lb-ft @ 4,000 RPM",23
"174 lb-ft @ 4,800 RPM",23
"161 lb-ft @ 5,100 RPM",23
"200 lb-ft @ 4,400 RPM",23
"290 lb-ft @ 4,250 RPM",23
"229 lb-ft @ 4,500 RPM",23
"331 lb-ft @ 1,750 RPM",23
"265 lb-ft @ 4,000 RPM",23
"481 lb-ft @ 1,700 RPM",22
"302 lb-ft @ 3,500 RPM",22
"516 lb-ft @ 1,100 RPM",22
"260 lb-ft @ 2,800 RPM",22
"300 lb-ft @ 3,500 RPM",22
"440 lb-ft @ 1,750 RPM",22
"146 lb-ft @ 4,250 RPM",22
"254 lb-ft @ 2,800 RPM",22
"398 lb-ft @ 6,500 RPM",22
"195 lb-ft @ 4,500 RPM",22
"202 lb-ft @ 2,800 RPM",22
"255 lb-ft @ 3,950 RPM",22
"303 lb-ft @ 4,100 RPM",21
"166 lb-ft @ 4,500 RPM",21
"350 lb-ft @ 2,250 RPM",21
"280 lb-ft @ 3,600 RPM",21
"417 lb-ft @ 4,400 RPM",21
"286 lb-ft @ 3,500 RPM",21
"154 lb-ft @ 3,750 RPM",21
"230 lb-ft @ 3,600 RPM",21
"510 lb-ft @ 4,500 RPM",21
"149 lb-ft @ 4,500 RPM",21
"384 lb-ft @ 3,500 RPM",21
"265 lb-ft @ 3,200 RPM",21
"187 lb-ft @ 4,800 RPM",21
"290 lb-ft @ 2,000 RPM",21
"500 lb-ft @ 1,500 RPM",20
"140 lb-ft @ 4,000 RPM",20
"530 lb-ft @ 7,000 RPM",20
"166 lb-ft @ 4,800 RPM",20
"200 lb-ft @ 4,000 RPM",20
"465 lb-ft @ 5,200 RPM",20
"332 lb-ft @ 2,250 RPM",20
"440 lb-ft @ 2,800 RPM",20
"560 lb-ft @ 2,000 RPM",19
"331 lb-ft @ 1,950 RPM",19
"236 lb-ft @ 1,250 RPM",19
"557 lb-ft @ 4,750 RPM",19
"240 lb-ft @ 3,000 RPM",19
"107 lb-ft @ 3,600 RPM",19
"274 lb-ft @ 4,800 RPM",19
"440 lb-ft @ 2,000 RPM",19
"195 lb-ft @ 4,700 RPM",19
"192 lb-ft @ 4,000 RPM",19
"376 lb-ft @ 5,000 RPM",19
"251 lb-ft @ 1,750 RPM",19
"204 lb-ft @ 4,000 RPM",18
"236 lb-ft @ 2,500 RPM",18
"555 lb-ft @ 1,400 RPM",18
"238 lb-ft @ 3,600 RPM",18
"173 lb-ft @ 4,600 RPM",18
"516 lb-ft @ 1,200 RPM",18
"290 lb-ft @ 3,600 RPM",18
"385 lb-ft @ 3,600 RPM",18
"340 lb-ft @ 4,000 RPM",18
"354 lb-ft @ 2,000 RPM",18
"171 lb-ft @ 4,100 RPM",18
"297 lb-ft @ 4,000 RPM",18
"265 lb-ft @ 2,750 RPM",18
"232 lb-ft @ 3,000 RPM",18
"169 lb-ft @ 4,000 RPM",18
"514 lb-ft @ 5,750 RPM",18
"222 lb-ft @ 3,200 RPM",18
"105 lb-ft @ 3,800 RPM",18
"293 lb-ft @ 3,500 RPM",18
"310 lb-ft @ 3,600 RPM",17
"250 lb-ft @ 3,500 RPM",17
"246 lb-ft @ 4,500 RPM",17
"260 lb-ft @ 4,700 RPM",17
"216 lb-ft @ 4,700 RPM",17
"354 lb-ft @ 1,700 RPM",17
"275 lb-ft @ 2,000 RPM",17
"333 lb-ft @ 4,500 RPM",17
"192 lb-ft @ 1,850 RPM",17
"443 lb-ft @ 1,500 RPM",17
"305 lb-ft @ 4,800 RPM",17
"685 lb-ft @ 1,600 RPM",17
"200 lb-ft @ 2,500 RPM",17
"556 lb-ft @ 3,800 RPM",17
"397 lb-ft @ 6,500 RPM",17
"221 lb-ft @ 1,400 RPM",16
"214 lb-ft @ 3,750 RPM",16
"150 lb-ft @ 4,800 RPM",16
"279 lb-ft @ 4,000 RPM",16
"229 lb-ft @ 4,300 RPM",16
"429 lb-ft @ 4,750 RPM",16
"330 lb-ft @ 3,600 RPM",16
"343 lb-ft @ 1,400 RPM",16
"186 lb-ft @ 4,100 RPM",16
"354 lb-ft @ 1,400 RPM",16
"252 lb-ft @ 2,800 RPM",16
"590 lb-ft @ 1,500 RPM",16
"186 lb-ft @ 3,250 RPM",16
"457 lb-ft @ 1,800 RPM",16
"217 lb-ft @ 3,000 RPM",16
"173 lb-ft @ 1,950 RPM",16
"181 lb-ft @ 4,500 RPM",16
"434 lb-ft @ 5,250 RPM",15
"270 lb-ft @ 4,400 RPM",15
"448 lb-ft @ 5,600 RPM",15
"235 lb-ft @ 3,600 RPM",15
"263 lb-ft @ 3,650 RPM",15
"219 lb-ft @ 3,500 RPM",15
"551 lb-ft @ 3,800 RPM",15
"228 lb-ft @ 4,500 RPM",15
"325 lb-ft @ 3,600 RPM",15
"272 lb-ft @ 5,200 RPM",15
"291 lb-ft @ 3,450 RPM",15
"516 lb-ft @ 5,500 RPM",15
"185 lb-ft @ 2,800 RPM",15
"663 lb-ft @ 1,800 RPM",15
"240 lb-ft @ 3,250 RPM",15
"406 lb-ft @ 2,350 RPM",15
"162 lb-ft @ 4,500 RPM",15
"101 lb-ft @ 4,200 RPM",15
"538 lb-ft @ 2,800 RPM",15
"214 lb-ft @ 4,400 RPM",15
"502 lb-ft @ 1,700 RPM",15
"279 lb-ft @ 4,500 RPM",15
"111 lb-ft @ 4,500 RPM",15
"223 lb-ft @ 2,000 RPM",14
"206 lb-ft @ 3,200 RPM",14
"400 lb-ft @ 4,800 RPM",14
"365 lb-ft @ 1,520 RPM",14
"149 lb-ft @ 4,200 RPM",14
"103 lb-ft @ 4,600 RPM",14
"405 lb-ft @ 2,150 RPM",14
"133 lb-ft @ 4,300 RPM",14
"605 lb-ft @ 1,500 RPM",14
"148 lb-ft @ 4,800 RPM",14
"256 lb-ft @ 5,000 RPM",14
"590 lb-ft @ 3,500 RPM",14
"225 lb-ft @ 3,200 RPM",14
"196 lb-ft @ 2,750 RPM",14
"229 lb-ft @ 3,750 RPM",14
"206 lb-ft @ 3,000 RPM",14
"116 lb-ft @ 1,500 RPM",14
"324 lb-ft @ 3,500 RPM",14
"154 lb-ft @ 4,000 RPM",14
"233 lb-ft @ 3,000 RPM",14
"264 lb-ft @ 2,000 RPM",14
"286 lb-ft @ 4,400 RPM",13
"215 lb-ft @ 5,100 RPM",13
"395 lb-ft @ 4,800 RPM",13
"135 lb-ft @ 3,600 RPM",13
"163 lb-ft @ 5,000 RPM",13
"225 lb-ft @ 2,000 RPM",13
"325 lb-ft @ 3,900 RPM",13
"241 lb-ft @ 4,600 RPM",13
"415 lb-ft @ 4,600 RPM",13
"127 lb-ft @ 3,000 RPM",13
"531 lb-ft @ 3,500 RPM",13
"354 lb-ft @ 4,750 RPM",13
"463 lb-ft @ 5,200 RPM",13
"320 lb-ft @ 4,400 RPM",13
"450 lb-ft @ 2,800 RPM",13
"177 lb-ft @ 1,800 RPM",13
"250 lb-ft @ 5,250 RPM",13
"275 lb-ft @ 4,750 RPM",13
"206 lb-ft @ 4,500 RPM",13
"253 lb-ft @ 4,100 RPM",13
"130 lb-ft @ 4,600 RPM",13
"717 lb-ft @ 4,500 RPM",13
"376 lb-ft @ 4,750 RPM",12
"147 lb-ft @ 3,000 RPM",12
"151 lb-ft @ 6,400 RPM",12
"222 lb-ft @ 2,800 RPM",12
"385 lb-ft @ 4,400 RPM",12
"590 lb-ft @ 1,700 RPM",12
"273 lb-ft @ 3,000 RPM",12
"264 lb-ft @ 4,500 RPM",12
"152 lb-ft @ 4,000 RPM",12
"250 lb-ft @ 3,600 RPM",12
"250 lb-ft @ 3,950 RPM",12
"612 lb-ft @ 1,900 RPM",12
"180 lb-ft @ 3,950 RPM",12
"243 lb-ft @ 2,300 RPM",12
"300 lb-ft @ 3,250 RPM",12
"361 lb-ft @ 4,750 RPM",12
"155 lb-ft @ 4,400 RPM",12
"249 lb-ft @ 4,400 RPM",12
"487 lb-ft @ 1,950 RPM",12
"123 lb-ft @ 1,000 RPM",12
"306 lb-ft @ 3,400 RPM",12
"243 lb-ft @ 2,400 RPM",12
"236 lb-ft @ 3,800 RPM",12
"146 lb-ft @ 4,200 RPM",12
"516 lb-ft @ 2,750 RPM",12
"627 lb-ft @ 2,250 RPM",11
"490 lb-ft @ 3,700 RPM",11
"258 lb-ft @ 1,900 RPM",11
"335 lb-ft @ 3,600 RPM",11
"413 lb-ft @ 1,200 RPM",11
"339 lb-ft @ 4,500 RPM",11
"122 lb-ft @ 4,800 RPM",11
"210 lb-ft @ 2,800 RPM",11
"232 lb-ft @ 3,200 RPM",11
"500 lb-ft @ 1,600 RPM",11
"336 lb-ft @ 2,800 RPM",11
"184 lb-ft @ 4,500 RPM",11
"177 lb-ft @ 4,700 RPM",11
"354 lb-ft @ 2,100 RPM",11
"406 lb-ft @ 6,500 RPM",11
"245 lb-ft @ 2,800 RPM",11
"192 lb-ft @ 5,000 RPM",11
"265 lb-ft @ 4,100 RPM",11
"531 lb-ft @ 1,700 RPM",11
"590 lb-ft @ 1,550 RPM",11
"335 lb-ft @ 3,000 RPM",11
"415 lb-ft @ 2,700 RPM",11
"325 lb-ft @ 2,000 RPM",10
"339 lb-ft @ 4,750 RPM",10
"201 lb-ft @ 4,600 RPM",10
"156 lb-ft @ 4,400 RPM",10
